,calendar_ytd_ret,financial_ytd_ret,1y_ret,6m_ret,3m_ret,exp_ret,5d_ret,3d_ret
VTL,22.48,10.33,25.94,3.71,-9.43,-0.06,5.63,0.02
WELSPUNLIV,14.610000000000001,6.98,38.83,7.33,-2.8400000000000003,-1.8499999999999999,5.029999999999999,-3.53
ALOKINDS,18.27,-12.479999999999999,34.31,-11.09,-6.65,0.08,3.3099999999999996,0.72
RAYMOND,-6.58,-12.22,-11.06,-15.379999999999999,-23.69,-12.809999999999999,0.86,0.38
KPRMILL,14.69,22.56,21.61,15.53,10.12,-6.510000000000001,2.4,-0.45999999999999996
PAGEIND,19.39,33.64,17.71,26.21,14.97,8.23,9.54,3.27
TRIDENT,-1.82,-15.740000000000002,-4.32,-11.34,-6.39,-1.73,3.4000000000000004,0.11
