,calendar_ytd_ret,financial_ytd_ret,1y_ret,6m_ret,3m_ret,exp_ret,5d_ret,3d_ret
SUNTV,21.099999999999998,39.5,47.96,43.11,7.449999999999999,1.9300000000000002,1.9300000000000002,1.7500000000000002
PVRINOX,-0.7100000000000001,20.150000000000002,-3.45,24.21,12.75,-3.9899999999999998,-3.9899999999999998,-2.22
NETWORK18,-6.04,-23.3,21.86,-4.79,-7.17,0.61,0.61,0.16
SAREGAMA,83.77,67.57,78.10000000000001,94.19999999999999,23.03,9.77,9.77,19.16
ZEEL,-49.0,-12.950000000000001,-47.57,1.13,-7.1,4.09,4.09,3.2099999999999995
TV18BRDCST,-11.129999999999999,-24.63,-2.22,-3.2800000000000002,-1.49,0.54,0.54,0.31
