,calendar_ytd_ret,financial_ytd_ret,1y_ret,6m_ret,3m_ret,exp_ret,5d_ret,3d_ret
SWANENERGY,17.28,-19.580000000000002,103.91,26.46,-8.790000000000001,-11.04,-2.16,-2.9000000000000004
GODREJIND,64.86,53.22,125.38,61.77,50.49,22.61,1.97,2.17
3MINDIA,-2.9499999999999997,13.23,11.41,19.71,-1.96,1.01,1.69,0.58
DCMSHRIRAM,5.82,14.06,10.9,25.55,4.42,-5.18,-1.58,-0.06
