,calendar_ytd_ret,financial_ytd_ret,1y_ret,6m_ret,3m_ret,exp_ret,5d_ret,3d_ret
SWANENERGY,11.110000000000001,-23.810000000000002,97.94,-8.7,-4.2700000000000005,-15.72,-1.03,-4.3999999999999995
GODREJIND,64.71000000000001,53.080000000000005,111.27,62.28,45.09,22.5,1.95,-0.96
3MINDIA,-5.2299999999999995,10.57,13.65,17.669999999999998,-5.62,-0.43,-0.08,-0.77
DCMSHRIRAM,6.32,14.6,4.279999999999999,21.69,10.85,-4.73,-0.25,-0.86
