,calendar_ytd_ret,financial_ytd_ret,1y_ret,6m_ret,3m_ret,exp_ret,5d_ret,3d_ret
SWANENERGY,20.5,-17.37,96.48,-15.43,-0.16,-8.6,-6.67,-4.760000000000001
GODREJIND,62.91,51.41,131.58,50.78,50.51,21.16,0.12,0.18
3MINDIA,,,,,,,,
DCMSHRIRAM,10.549999999999999,19.16,24.16,17.69,13.76,-0.9400000000000001,-0.96,0.11
