,calendar_ytd_ret,financial_ytd_ret,1y_ret,6m_ret,3m_ret,exp_ret,5d_ret,3d_ret
SWANENERGY,9.9,-24.64,97.78,-13.780000000000001,-22.1,-1.09,0.44999999999999996,-1.4000000000000001
GODREJIND,39.67,29.81,72.99,24.03,15.4,-15.21,-7.51,-4.83
3MINDIA,-7.6499999999999995,7.75,11.49,16.36,-12.31,-3.46,-2.6599999999999997,0.01
DCMSHRIRAM,3.62,11.690000000000001,1.16,11.0,5.07,-2.54,4.6,3.95
