,calendar_ytd_ret,financial_ytd_ret,1y_ret,6m_ret,3m_ret,exp_ret,5d_ret,3d_ret
JKPAPER,19.11,28.720000000000002,47.199999999999996,24.16,29.18,-14.89,-0.1,-0.33999999999999997
CENTURYTEX,76.4,52.83,107.16000000000001,59.040000000000006,-0.58,-5.91,-2.2399999999999998,0.98
