,calendar_ytd_ret,financial_ytd_ret,1y_ret,6m_ret,3m_ret,exp_ret,5d_ret,3d_ret
VTL,26.91,14.31,33.53,10.57,9.610000000000001,-4.05,-4.05,-1.05
WELSPUNLIV,29.770000000000003,21.14,49.13,17.79,46.45,-9.62,-9.62,-2.93
ALOKINDS,25.759999999999998,-6.93,45.53,-7.090000000000001,9.59,-3.2399999999999998,-3.2399999999999998,-1.6500000000000001
RAYMOND,22.99,15.57,7.02,15.160000000000002,-1.5699999999999998,7.9799999999999995,7.9799999999999995,6.32
KPRMILL,1.55,8.53,16.6,9.06,2.98,-2.64,-2.64,-1.71
PAGEIND,10.42,23.61,6.619999999999999,18.87,15.110000000000001,1.53,1.53,-1.31
TRIDENT,2.6599999999999997,-11.899999999999999,1.96,-14.530000000000001,5.16,-1.52,-1.52,-0.19
