,calendar_ytd_ret,financial_ytd_ret,1y_ret,6m_ret,3m_ret,exp_ret,5d_ret,3d_ret
SUNTV,15.559999999999999,33.12,37.230000000000004,28.28,12.47,-0.5499999999999999,1.46,1.81
PVRINOX,-5.58,14.249999999999998,-10.489999999999998,13.320000000000002,16.35,3.1199999999999997,3.36,-0.8699999999999999
NETWORK18,2.2800000000000002,-16.5,28.73,-10.879999999999999,12.0,-7.12,-4.0,-2.9000000000000004
SAREGAMA,36.65,24.610000000000003,32.89,24.11,-10.879999999999999,-3.9600000000000004,0.02,0.01
ZEEL,-51.57000000000001,-17.349999999999998,-49.79,-14.12,-19.09,-8.67,-2.83,-1.9
TV18BRDCST,-4.8500000000000005,-19.31,-0.83,-14.12,12.16,0.29,-2.9899999999999998,-4.74
