,calendar_ytd_ret,financial_ytd_ret,1y_ret,6m_ret,3m_ret,exp_ret,5d_ret,3d_ret
SWANENERGY,34.64,-7.68,160.94,-6.7,14.35,-2.07,1.16,1.3299999999999998
GODREJIND,25.89,17.0,89.97,15.07,10.4,5.38,3.4799999999999995,0.54
3MINDIA,-4.04,11.959999999999999,27.32,16.28,16.07,-8.02,-0.9900000000000001,0.13999999999999999
DCMSHRIRAM,13.83,22.7,31.430000000000003,18.92,17.78,13.239999999999998,7.13,0.63
