,calendar_ytd_ret,financial_ytd_ret,1y_ret,6m_ret,3m_ret,exp_ret,5d_ret,3d_ret
JKPAPER,18.57,28.13,38.379999999999995,26.02,28.37,-15.28,-1.04,-0.43
CENTURYTEX,105.92999999999999,78.42,150.48,72.52,16.59,9.84,8.91,6.87
