,calendar_ytd_ret,financial_ytd_ret,1y_ret,6m_ret,3m_ret,exp_ret,5d_ret,3d_ret
JKPAPER,12.629999999999999,21.72,15.329999999999998,33.14,-10.92,-4.38,-1.3299999999999998,-3.3099999999999996
CENTURYTEX,128.8,98.22999999999999,158.35,97.22,26.119999999999997,11.98,-3.64,0.1
