,calendar_ytd_ret,financial_ytd_ret,1y_ret,6m_ret,3m_ret,exp_ret,5d_ret,3d_ret
VTL,20.880000000000003,8.88,30.75,2.31,-5.36,1.06,-4.47,-4.49
WELSPUNLIV,3.0300000000000002,-3.82,0.53,5.11,-15.28,-2.09,-8.58,-5.25
ALOKINDS,-5.1499999999999995,-29.81,9.76,-24.16,-19.96,-8.7,-10.24,-5.11
RAYMOND,-12.73,-18.0,-20.34,-30.39,-19.03,-7.02,-7.249999999999999,-4.21
KPRMILL,7.249999999999999,14.62,11.17,7.02,2.4899999999999998,-3.4099999999999997,-4.92,-5.5
PAGEIND,20.669999999999998,35.08,24.169999999999998,32.37,11.99,6.01,1.76,-3.1399999999999997
TRIDENT,-11.77,-24.29,-8.76,-16.919999999999998,-14.48,-5.93,-6.79,-3.4099999999999997
