,calendar_ytd_ret,financial_ytd_ret,1y_ret,6m_ret,3m_ret,exp_ret,5d_ret,3d_ret
VTL,26.57,14.01,32.72,13.969999999999999,5.16,-4.31,-2.83,0.11
WELSPUNLIV,30.44,21.759999999999998,53.5,24.91,44.940000000000005,-9.15,-4.18,-0.29
ALOKINDS,26.46,-6.41,53.849999999999994,-3.2300000000000004,10.879999999999999,-2.7,-2.88,1.39
RAYMOND,21.11,13.79,6.239999999999999,17.54,-3.47,6.329999999999999,4.51,3.54
KPRMILL,2.36,9.39,19.03,9.59,3.2,-1.8599999999999999,0.49,0.8
PAGEIND,8.59,21.55,4.760000000000001,21.05,7.84,-0.15,-1.2,-1.38
TRIDENT,2.6599999999999997,-11.899999999999999,0.86,-11.59,0.8500000000000001,-1.52,-0.38,0.13999999999999999
