,calendar_ytd_ret,financial_ytd_ret,1y_ret,6m_ret,3m_ret,exp_ret,5d_ret,3d_ret
SWANENERGY,0.01,-31.419999999999998,32.269999999999996,-12.27,-24.98,2.31,-2.71,-4.72
GODREJIND,25.19,16.35,41.63,16.900000000000002,1.7500000000000002,-9.0,-6.25,-2.31
3MINDIA,-12.629999999999999,1.94,4.08,8.64,-8.36,-6.17,-9.629999999999999,-6.97
DCMSHRIRAM,27.700000000000003,37.64,48.449999999999996,32.379999999999995,14.17,24.779999999999998,5.0,4.62
