,calendar_ytd_ret,financial_ytd_ret,1y_ret,6m_ret,3m_ret,exp_ret,5d_ret,3d_ret
SUNTV,12.920000000000002,30.080000000000002,53.38,28.4,18.08,-1.23,-1.96,-2.09
PVRINOX,-8.6,10.6,-7.5600000000000005,10.780000000000001,12.72,1.82,5.82,-0.29
NETWORK18,12.94,-7.8,64.28,-9.91,19.939999999999998,18.29,5.11,3.35
SAREGAMA,45.1,32.31,37.059999999999995,49.66,29.630000000000003,-1.6,8.05,0.86
ZEEL,-49.29,-13.450000000000001,-42.5,-30.42,-7.9,1.91,4.03,3.1199999999999997
TV18BRDCST,-1.9,-16.81,23.080000000000002,-14.59,14.41,17.9,8.66,4.89
