,calendar_ytd_ret,financial_ytd_ret,1y_ret,6m_ret,3m_ret,exp_ret,5d_ret,3d_ret
VTL,22.62,10.45,22.24,7.049999999999999,-1.81,0.04,0.04,0.8500000000000001
WELSPUNLIV,21.240000000000002,13.170000000000002,44.019999999999996,27.279999999999998,14.12,3.83,3.83,5.74
ALOKINDS,27.82,-5.41,44.01,5.57,-4.45,8.16,8.16,7.6499999999999995
RAYMOND,1.49,-4.64,-6.17,-3.29,-41.199999999999996,-5.28,-5.28,-2.87
KPRMILL,17.22,25.27,32.09,15.75,8.98,-4.45,-4.45,-1.22
PAGEIND,12.4,25.82,9.75,25.3,12.08,1.8900000000000001,1.8900000000000001,1.6199999999999999
TRIDENT,2.83,-11.76,-1.6400000000000001,2.13,-3.6700000000000004,2.92,2.92,3.64
