,calendar_ytd_ret,financial_ytd_ret,1y_ret,6m_ret,3m_ret,exp_ret,5d_ret,3d_ret
JKPAPER,12.19,21.240000000000002,24.12,21.58,1.39,-4.75,0.33999999999999997,-0.35000000000000003
CENTURYTEX,128.17000000000002,97.69,160.20000000000002,82.28999999999999,27.889999999999997,11.67,15.57,12.0
