,calendar_ytd_ret,financial_ytd_ret,1y_ret,6m_ret,3m_ret,exp_ret,5d_ret,3d_ret
SUNTV,17.349999999999998,35.18,36.83,42.120000000000005,8.03,0.9900000000000001,1.92,-0.22999999999999998
PVRINOX,0.65,21.8,-8.57,27.96,20.1,9.93,5.37,0.89
NETWORK18,3.16,-15.790000000000001,24.89,8.37,7.16,-6.32,1.83,1.6
SAREGAMA,41.27,28.82,33.92,50.07,-6.87,-0.72,-0.38,-0.74
ZEEL,-51.59,-17.380000000000003,-52.04,-8.450000000000001,-13.84,-8.709999999999999,-1.8499999999999999,-2.18
TV18BRDCST,-3.52,-18.19,-0.67,5.2299999999999995,13.73,1.69,2.7199999999999998,2.25
