,calendar_ytd_ret,financial_ytd_ret,1y_ret,6m_ret,3m_ret,exp_ret,5d_ret,3d_ret
VTL,26.06,13.55,41.65,15.06,9.370000000000001,-9.42,-1.43,-1.3
WELSPUNLIV,28.67,20.11,63.04,21.88,29.75,4.9,5.52,5.800000000000001
ALOKINDS,18.92,-11.99,63.28,-12.6,-4.73,-6.21,1.28,0.36
RAYMOND,7.8,1.29,-5.3,7.86,-17.71,-6.88,-0.27,0.02
KPRMILL,6.569999999999999,13.889999999999999,40.489999999999995,18.970000000000002,7.88,3.5999999999999996,0.3,1.8399999999999999
PAGEIND,7.6899999999999995,20.549999999999997,6.23,15.14,17.37,0.5499999999999999,0.35000000000000003,-0.06
TRIDENT,3.66,-11.04,17.78,-11.35,-1.3599999999999999,-0.48,0.49,0.49
