,calendar_ytd_ret,financial_ytd_ret,1y_ret,6m_ret,3m_ret,exp_ret,5d_ret,3d_ret
SWANENERGY,11.110000000000001,-23.810000000000002,91.4,-15.25,-8.06,0.0,0.0,-2.42
GODREJIND,60.14000000000001,48.83,111.86,52.35999999999999,32.87,-2.78,-2.78,-3.44
3MINDIA,-7.340000000000001,8.110000000000001,15.57,10.82,-12.29,-2.23,-2.23,-0.27999999999999997
DCMSHRIRAM,3.49,11.55,0.35000000000000003,24.07,4.35,-2.67,-2.67,2.19
