,calendar_ytd_ret,financial_ytd_ret,1y_ret,6m_ret,3m_ret,exp_ret,5d_ret,3d_ret
JKPAPER,27.76,38.06,34.12,42.0,-11.29,10.77,1.6099999999999999,0.83
CENTURYTEX,134.34,103.03999999999999,166.57,59.37,28.84,4.15,5.319999999999999,5.779999999999999
