,calendar_ytd_ret,financial_ytd_ret,1y_ret,6m_ret,3m_ret,exp_ret,5d_ret,3d_ret
SWANENERGY,1.52,-30.380000000000003,75.41,-23.05,-25.1,-8.63,-10.15,-7.26
GODREJIND,45.93,35.63,94.08999999999999,35.980000000000004,20.65,-11.4,-12.07,-2.69
3MINDIA,-8.99,6.1899999999999995,9.700000000000001,12.18,-13.930000000000001,-3.9699999999999998,-0.04,-2.16
DCMSHRIRAM,-4.17,3.29,-5.970000000000001,7.57,-0.84,-9.87,-5.46,-5.16
