,calendar_ytd_ret,financial_ytd_ret,1y_ret,6m_ret,3m_ret,exp_ret,5d_ret,3d_ret
JKPAPER,17.630000000000003,27.12,33.33,26.51,23.3,-0.13999999999999999,-0.79,0.31
CENTURYTEX,90.33,64.91,133.93,56.00000000000001,10.05,-6.8500000000000005,-7.57,-4.1000000000000005
