,calendar_ytd_ret,financial_ytd_ret,1y_ret,6m_ret,3m_ret,exp_ret,5d_ret,3d_ret
VTL,18.57,6.800000000000001,28.59,0.38,-6.660000000000001,-0.8699999999999999,-5.83,-6.25
WELSPUNLIV,3.64,-3.25,0.51,2.33,-18.09,-1.51,-5.3,-3.25
ALOKINDS,-3.37,-28.49,5.26,-23.31,-18.43,-6.99,-5.58,-2.13
RAYMOND,-12.33,-17.630000000000003,-19.08,-29.82,-18.88,-6.6000000000000005,-5.63,-3.4099999999999997
KPRMILL,12.24,19.950000000000003,19.86,10.23,7.01,1.08,-1.38,-1.02
PAGEIND,20.06,34.4,24.39,29.42,11.14,5.48,-4.95,-3.1399999999999997
TRIDENT,-11.61,-24.14,-12.809999999999999,-16.33,-14.52,-5.75,-4.79,-2.81
