,calendar_ytd_ret,financial_ytd_ret,1y_ret,6m_ret,3m_ret,exp_ret,5d_ret,3d_ret
JKPAPER,12.520000000000001,21.59,17.49,41.6,-28.43,-2.44,-1.26,-1.03
CENTURYTEX,133.66,102.44,178.19,89.69,19.650000000000002,3.84,2.81,5.16
