,calendar_ytd_ret,financial_ytd_ret,1y_ret,6m_ret,3m_ret,exp_ret,5d_ret,3d_ret
VTL,21.83,9.74,19.63,6.68,-3.0300000000000002,-0.6,-0.64,-1.44
WELSPUNLIV,17.25,9.45,40.03,9.55,12.11,0.41000000000000003,2.19,3.4099999999999997
ALOKINDS,21.5,-10.09,38.72,-4.279999999999999,-8.110000000000001,2.81,3.51,-2.22
RAYMOND,-0.43,-6.45,-6.660000000000001,-5.8500000000000005,-41.870000000000005,-7.07,-6.3100000000000005,-2.86
KPRMILL,14.89,22.78,29.92,14.149999999999999,4.63,-6.35,-2.77,-1.29
PAGEIND,9.629999999999999,22.73,7.39,21.26,8.48,-0.61,-0.88,-2.8899999999999997
TRIDENT,-0.09,-14.26,-4.06,-7.359999999999999,-6.1899999999999995,0.0,0.62,-2.02
