,calendar_ytd_ret,financial_ytd_ret,1y_ret,6m_ret,3m_ret,exp_ret,5d_ret,3d_ret
SUNTV,15.52,33.07,52.92,29.459999999999997,21.25,-0.58,-0.31,0.06999999999999999
PVRINOX,-8.77,10.39,-10.91,7.61,13.930000000000001,-0.37,0.11,0.27999999999999997
NETWORK18,7.95,-11.88,39.07,-20.5,18.529999999999998,-1.9800000000000002,-3.5700000000000003,-5.16
SAREGAMA,38.019999999999996,25.85,28.63,21.97,-3.2800000000000002,-3.01,-2.1,-2.88
ZEEL,-48.309999999999995,-11.77,-47.88,-17.130000000000003,-9.15,-2.5100000000000002,-5.8500000000000005,-0.22
TV18BRDCST,-0.48,-15.6,5.59,-23.03,17.7,4.91,2.9499999999999997,-2.58
