,calendar_ytd_ret,financial_ytd_ret,1y_ret,6m_ret,3m_ret,exp_ret,5d_ret,3d_ret
SUNTV,13.3,30.509999999999998,37.37,29.439999999999998,2.0,-4.64,-4.590000000000001,-3.18
PVRINOX,-6.64,12.97,-8.24,12.16,6.22,-9.73,-6.9,-4.96
NETWORK18,-15.28,-30.84,14.729999999999999,-19.91,-12.78,-9.28,-9.719999999999999,-7.9
SAREGAMA,59.050000000000004,45.03,65.06,49.71,8.01,-5.0,-7.59,-9.969999999999999
ZEEL,-54.15,-21.75,-52.0,-17.599999999999998,-16.41,-6.43,-8.53,-7.23
TV18BRDCST,-19.62,-31.840000000000003,-8.06,-16.48,-7.920000000000001,-9.07,-8.89,-6.67
