,calendar_ytd_ret,financial_ytd_ret,1y_ret,6m_ret,3m_ret,exp_ret,5d_ret,3d_ret
SUNTV,3.29,18.98,13.76,10.34,-11.27,-2.82,-4.78,-2.69
PVRINOX,-13.0,5.27,-12.690000000000001,12.31,-3.7800000000000002,-5.34,-4.09,-1.41
NETWORK18,-10.74,-27.13,8.74,-3.1399999999999997,-17.93,-3.8699999999999997,-6.97,-3.38
SAREGAMA,29.599999999999998,18.17,39.37,12.030000000000001,-7.16,-6.76,-7.180000000000001,-1.32
ZEEL,-57.830000000000005,-28.04,-56.84,-11.450000000000001,-13.83,-5.21,-7.2700000000000005,-4.82
TV18BRDCST,0.0,0.0,0.0,0.0,0.0,0.0,0.0,0.0
