,calendar_ytd_ret,financial_ytd_ret,1y_ret,6m_ret,3m_ret,exp_ret,5d_ret,3d_ret
SUNTV,15.440000000000001,32.97,52.5,31.619999999999997,21.58,-0.66,5.27,-0.38999999999999996
PVRINOX,-9.030000000000001,10.08,-12.29,9.15,14.97,-0.65,1.58,-0.16999999999999998
NETWORK18,13.819999999999999,-7.08,56.57,-14.549999999999999,22.82,3.36,1.4000000000000001,1.68
SAREGAMA,42.1,29.57,32.26,27.889999999999997,2.85,-0.13,-0.73,0.8
ZEEL,-48.19,-11.58,-48.0,-15.36,-6.43,-2.29,4.16,-5.64
TV18BRDCST,2.16,-13.370000000000001,13.26,-18.5,21.099999999999998,7.68,6.09,5.67
