,calendar_ytd_ret,financial_ytd_ret,1y_ret,6m_ret,3m_ret,exp_ret,5d_ret,3d_ret
JKPAPER,12.58,21.66,26.900000000000002,20.64,4.47,-4.43,-5.09,0.6799999999999999
CENTURYTEX,103.73000000000002,76.51,139.34,69.08999999999999,18.37,-0.29,6.87,3.19
