,calendar_ytd_ret,financial_ytd_ret,1y_ret,6m_ret,3m_ret,exp_ret,5d_ret,3d_ret
VTL,13.239999999999998,2.0,18.3,-4.73,-21.75,-7.61,-9.01,-1.72
WELSPUNLIV,6.4399999999999995,-0.64,18.41,-3.54,-15.909999999999998,-8.85,-8.33,-0.24
ALOKINDS,1.97,-24.54,9.120000000000001,-21.41,-18.68,-13.71,-6.93,1.0699999999999998
RAYMOND,-5.94,-11.62,-9.44,-21.11,-21.34,-12.21,-5.140000000000001,1.8399999999999999
KPRMILL,7.82,15.22,15.28,-0.16999999999999998,2.1399999999999997,-12.11,-4.87,-3.73
PAGEIND,14.31,27.96,13.34,20.990000000000002,5.6000000000000005,3.63,-4.67,-1.41
TRIDENT,-8.02,-21.07,-10.12,-16.32,-12.4,-7.93,-5.86,-0.09
