,calendar_ytd_ret,financial_ytd_ret,1y_ret,6m_ret,3m_ret,exp_ret,5d_ret,3d_ret
VTL,26.490000000000002,13.94,28.42,5.19,-10.15,3.2099999999999995,3.6700000000000004,5.19
WELSPUNLIV,15.5,7.8100000000000005,39.32,12.2,-5.2,-1.09,-1.02,1.81
ALOKINDS,11.52,-17.47,27.33,-11.81,-8.03,-5.63,-4.38,-3.29
RAYMOND,1.1400000000000001,-4.97,-2.13,-7.340000000000001,-21.13,-5.609999999999999,8.55,3.09
KPRMILL,16.45,24.45,30.220000000000002,15.479999999999999,11.59,-5.07,1.73,2.08
PAGEIND,22.61,37.25,20.04,33.410000000000004,16.93,11.15,5.5,2.07
TRIDENT,0.19,-14.02,-5.54,-6.15,-4.1000000000000005,0.27999999999999997,2.68,2.88
