,calendar_ytd_ret,financial_ytd_ret,1y_ret,6m_ret,3m_ret,exp_ret,5d_ret,3d_ret
VTL,30.259999999999998,17.330000000000002,38.629999999999995,16.1,12.629999999999999,-6.41,0.5499999999999999,-0.13999999999999999
WELSPUNLIV,36.13,27.07,71.81,26.82,41.82,10.979999999999999,-0.33,-3.04
ALOKINDS,30.209999999999997,-3.64,64.01,-2.63,8.38,2.7,-1.63,-2.22
RAYMOND,15.879999999999999,8.88,2.53,6.7299999999999995,-8.14,0.1,-3.56,-0.86
KPRMILL,1.87,8.870000000000001,22.67,16.39,7.01,-0.97,-6.3,-4.04
PAGEIND,9.9,23.03,5.24,16.939999999999998,11.18,2.62,0.61,0.5700000000000001
TRIDENT,3.05,-11.57,15.459999999999999,-15.370000000000001,0.54,-1.0699999999999998,-1.83,-1.38
