,calendar_ytd_ret,financial_ytd_ret,1y_ret,6m_ret,3m_ret,exp_ret,5d_ret,3d_ret
SWANENERGY,33.31,-8.59,167.66,-1.94,13.68,-3.04,-0.63,1.17
GODREJIND,23.04,14.35,94.41000000000001,14.87,14.77,2.9899999999999998,1.8900000000000001,2.91
3MINDIA,-5.050000000000001,10.79,29.26,11.43,16.869999999999997,-7.76,-6.08,-1.6500000000000001
DCMSHRIRAM,11.09,19.74,32.32,16.64,14.549999999999999,11.27,0.65,5.19
