,calendar_ytd_ret,financial_ytd_ret,1y_ret,6m_ret,3m_ret,exp_ret,5d_ret,3d_ret
JKPAPER,18.310000000000002,27.85,46.92,23.82,25.779999999999998,-15.47,-1.01,-0.67
CENTURYTEX,91.46,65.88000000000001,132.51,63.82,9.59,2.13,9.6,8.540000000000001
