,calendar_ytd_ret,financial_ytd_ret,1y_ret,6m_ret,3m_ret,exp_ret,5d_ret,3d_ret
SWANENERGY,9.47,-24.93,87.37,-17.05,-10.96,-1.48,-5.62,-3.1199999999999997
GODREJIND,49.97,39.379999999999995,98.83,41.260000000000005,25.56,-8.95,-9.73,-9.64
3MINDIA,-6.97,8.540000000000001,10.94,13.669999999999998,-12.19,-1.8399999999999999,-2.92,2.17
DCMSHRIRAM,1.04,8.9,-0.91,16.520000000000003,2.55,-4.97,-2.12,-0.32
