,calendar_ytd_ret,financial_ytd_ret,1y_ret,6m_ret,3m_ret,exp_ret,5d_ret,3d_ret
SWANENERGY,11.459999999999999,-23.57,98.66,-14.05,-20.66,0.31,9.78,1.87
GODREJIND,46.760000000000005,36.4,85.19,25.369999999999997,20.919999999999998,-10.9,0.5700000000000001,-2.81
3MINDIA,-8.51,6.74,8.790000000000001,13.59,-12.030000000000001,-3.47,0.52,-2.67
DCMSHRIRAM,-0.31,7.449999999999999,-5.82,6.959999999999999,2.55,-6.239999999999999,4.03,0.62
