,calendar_ytd_ret,financial_ytd_ret,1y_ret,6m_ret,3m_ret,exp_ret,5d_ret,3d_ret
SWANENERGY,4.89,-28.07,39.0,-0.36,-22.189999999999998,7.31,7.03,8.1
GODREJIND,36.22,26.6,61.29,20.93,14.96,-0.98,-2.64,-0.1
3MINDIA,-2.9499999999999997,13.23,21.66,25.580000000000002,-3.6799999999999997,4.22,-0.29,1.69
DCMSHRIRAM,22.869999999999997,32.440000000000005,36.38,26.93,10.51,20.06,17.73,19.52
