,calendar_ytd_ret,financial_ytd_ret,1y_ret,6m_ret,3m_ret,exp_ret,5d_ret,3d_ret
SWANENERGY,-0.8500000000000001,-32.01,29.310000000000002,-12.989999999999998,-25.509999999999998,1.43,-5.48,-3.95
GODREJIND,25.31,16.46,38.43,16.68,3.0,-8.91,-8.01,-4.84
3MINDIA,-9.370000000000001,5.74,7.51,18.15,-6.49,-3.58,-7.489999999999999,-4.6
DCMSHRIRAM,16.41,25.480000000000004,34.699999999999996,19.919999999999998,9.56,13.750000000000002,-5.25,-5.7700000000000005
