,calendar_ytd_ret,financial_ytd_ret,1y_ret,6m_ret,3m_ret,exp_ret,5d_ret,3d_ret
SWANENERGY,15.989999999999998,-20.46,104.52,-10.92,0.9900000000000001,-12.02,-0.58,1.59
GODREJIND,66.14,54.410000000000004,115.12,63.65,44.51,23.56,2.75,0.37
3MINDIA,-4.18,11.799999999999999,17.73,16.35,-2.86,0.67,2.1999999999999997,1.09
DCMSHRIRAM,3.2199999999999998,11.26,2.33,19.07,5.1499999999999995,-7.51,-2.3800000000000003,-1.68
