,calendar_ytd_ret,financial_ytd_ret,1y_ret,6m_ret,3m_ret,exp_ret,5d_ret,3d_ret
VTL,30.42,17.48,29.75,13.900000000000002,5.33,-1.39,3.3300000000000005,0.44999999999999996
WELSPUNLIV,25.240000000000002,16.91,46.550000000000004,22.86,28.470000000000002,-12.770000000000001,-1.82,-3.17
ALOKINDS,22.009999999999998,-9.71,30.9,-14.59,-6.02,-6.13,-4.19,-2.1399999999999997
RAYMOND,8.12,1.59,-8.01,5.79,-26.39,-5.07,-7.16,-5.33
KPRMILL,3.11,10.190000000000001,11.66,6.5600000000000005,-1.37,-1.15,-2.39,-0.96
PAGEIND,13.84,27.43,10.31,21.88,12.23,4.68,7.19,7.140000000000001
TRIDENT,1.55,-12.85,-6.909999999999999,-9.09,-8.790000000000001,-2.59,-0.95,-1.08
