,calendar_ytd_ret,financial_ytd_ret,1y_ret,6m_ret,3m_ret,exp_ret,5d_ret,3d_ret
VTL,22.56,10.4,23.169999999999998,9.29,-0.96,-7.340000000000001,-4.36,-0.7799999999999999
WELSPUNLIV,16.77,9.0,37.980000000000004,19.33,11.08,-18.67,-4.92,-2.92
ALOKINDS,18.17,-12.55,29.720000000000002,-6.7299999999999995,-9.24,-9.08,-0.75,-2.13
RAYMOND,7.140000000000001,0.67,-7.489999999999999,3.7800000000000002,-38.03,-5.93,0.59,-0.29
KPRMILL,22.68,31.1,35.9,25.869999999999997,13.81,17.62,7.55,7.48
PAGEIND,10.31,23.48,6.32,24.27,5.37,1.43,-2.55,-2.55
TRIDENT,-0.09,-14.26,-7.6,-1.9800000000000002,-5.82,-4.16,0.33999999999999997,-1.29
