,calendar_ytd_ret,financial_ytd_ret,1y_ret,6m_ret,3m_ret,exp_ret,5d_ret,3d_ret
VTL,15.959999999999999,4.45,15.21,0.6799999999999999,-13.3,-5.390000000000001,-6.1899999999999995,-4.82
WELSPUNLIV,9.120000000000001,1.8599999999999999,27.169999999999998,1.37,3.2,-6.550000000000001,-3.7600000000000002,-6.93
ALOKINDS,14.469999999999999,-15.290000000000001,30.7,-16.59,-12.620000000000001,-3.1300000000000003,-7.88,-5.779999999999999
RAYMOND,-7.380000000000001,-12.97,-11.459999999999999,-16.89,-50.449999999999996,-13.55,-9.629999999999999,-6.97
KPRMILL,12.0,19.689999999999998,24.01,8.3,5.140000000000001,-8.7,-3.7699999999999996,-2.52
PAGEIND,8.99,22.009999999999998,7.5,20.3,5.74,-1.2,-3.46,-0.59
TRIDENT,-5.04,-18.509999999999998,-8.450000000000001,-16.23,-10.040000000000001,-4.96,-6.87,-4.96
