,calendar_ytd_ret,financial_ytd_ret,1y_ret,6m_ret,3m_ret,exp_ret,5d_ret,3d_ret
SWANENERGY,7.16,-26.52,89.31,-16.669999999999998,-24.7,-3.56,-3.56,-1.27
GODREJIND,47.43,37.019999999999996,98.2,36.620000000000005,19.64,-10.489999999999998,-7.9399999999999995,-1.4200000000000002
3MINDIA,-8.72,6.5,9.24,12.3,-15.24,-3.6799999999999997,-1.48,-1.2
DCMSHRIRAM,-2.88,4.68,-5.7700000000000005,5.55,-0.7100000000000001,-8.66,-6.15,-2.23
