,calendar_ytd_ret,financial_ytd_ret,1y_ret,6m_ret,3m_ret,exp_ret,5d_ret,3d_ret
JKPAPER,26.700000000000003,36.919999999999995,31.790000000000003,42.34,-8.76,9.85,2.85,0.7799999999999999
CENTURYTEX,121.53,91.94,143.23999999999998,47.85,26.179999999999996,-1.55,2.45,-0.44
