,calendar_ytd_ret,financial_ytd_ret,1y_ret,6m_ret,3m_ret,exp_ret,5d_ret,3d_ret
SUNTV,13.51,30.759999999999998,34.78,30.759999999999998,11.459999999999999,-2.31,-3.1,-0.33999999999999997
PVRINOX,-4.760000000000001,15.25,-8.44,15.25,18.14,4.02,4.33,4.26
NETWORK18,5.33,-14.01,36.309999999999995,-14.01,15.229999999999999,-4.35,-3.3099999999999996,-1.13
SAREGAMA,36.64,24.59,31.430000000000003,24.59,-5.609999999999999,-3.9699999999999998,-1.3599999999999999,0.01
ZEEL,-50.63999999999999,-15.75,-48.97,-15.75,-11.690000000000001,-6.909999999999999,-3.6799999999999997,-0.95
TV18BRDCST,-0.12,-15.299999999999999,6.3,-15.299999999999999,18.96,5.28,-1.54,1.8399999999999999
