,calendar_ytd_ret,financial_ytd_ret,1y_ret,6m_ret,3m_ret,exp_ret,5d_ret,3d_ret
SUNTV,15.49,33.03,35.07,27.24,8.25,-0.61,0.45999999999999996,1.1900000000000002
PVRINOX,-3.49,16.78,-9.9,15.18,15.9,5.4,4.8500000000000005,2.17
NETWORK18,3.4799999999999995,-15.52,31.480000000000004,-5.1,13.07,-6.03,-1.49,0.7799999999999999
SAREGAMA,42.84,30.240000000000002,38.41,33.800000000000004,-6.87,0.38,5.42,3.88
ZEEL,-49.44,-13.700000000000001,-47.81,-10.42,-15.939999999999998,-4.64,2.4,3.3300000000000005
TV18BRDCST,-3.4099999999999997,-18.09,1.8399999999999999,-8.91,13.489999999999998,1.82,-1.4500000000000002,-0.06
