,calendar_ytd_ret,financial_ytd_ret,1y_ret,6m_ret,3m_ret,exp_ret,5d_ret,3d_ret
JKPAPER,25.729999999999997,35.870000000000005,31.97,43.89,-8.68,9.01,8.34,2.0500000000000003
CENTURYTEX,122.91000000000001,93.13,152.19,63.2,24.62,-0.9299999999999999,-4.6,3.08
