,calendar_ytd_ret,financial_ytd_ret,1y_ret,6m_ret,3m_ret,exp_ret,5d_ret,3d_ret
SUNTV,15.299999999999999,32.82,33.26,31.4,7.199999999999999,-0.77,1.02,-0.16
PVRINOX,-3.85,16.35,-10.33,12.690000000000001,14.62,5.01,1.79,-0.37
NETWORK18,1.7399999999999998,-16.939999999999998,28.52,-4.9,5.66,-7.61,-0.91,-1.68
SAREGAMA,41.05,28.62,33.29,33.29,-5.6000000000000005,-0.8699999999999999,2.59,-1.25
ZEEL,-50.949999999999996,-16.29,-48.68,-16.11,-18.37,-7.5,0.22999999999999998,-3.0
TV18BRDCST,-5.43,-19.8,-2.63,-9.46,8.32,-0.31,-2.15,-2.09
