,calendar_ytd_ret,financial_ytd_ret,1y_ret,6m_ret,3m_ret,exp_ret,5d_ret,3d_ret
SWANENERGY,1.91,-30.12,77.24,-15.5,-22.17,-8.290000000000001,-7.28,-3.3099999999999996
GODREJIND,36.13,26.52,51.459999999999994,22.15,13.5,-17.349999999999998,-2.53,-2.15
3MINDIA,-7.99,7.35,10.39,15.740000000000002,-12.0,-3.81,-0.37,0.45999999999999996
DCMSHRIRAM,7.42,15.790000000000001,6.6000000000000005,20.74,8.39,1.04,3.6700000000000004,-2.11
