,calendar_ytd_ret,financial_ytd_ret,1y_ret,6m_ret,3m_ret,exp_ret,5d_ret,3d_ret
SWANENERGY,32.87,-8.89,160.17,-4.25,13.5,-3.36,-0.59,-0.16999999999999998
GODREJIND,25.21,16.37,91.78,14.32,13.56,4.81,4.9,2.93
3MINDIA,-4.18,11.799999999999999,30.03,13.600000000000001,13.370000000000001,-8.15,-4.66,-1.13
DCMSHRIRAM,13.120000000000001,21.93,34.92,18.990000000000002,15.040000000000001,12.53,3.5900000000000003,6.460000000000001
