,calendar_ytd_ret,financial_ytd_ret,1y_ret,6m_ret,3m_ret,exp_ret,5d_ret,3d_ret
JKPAPER,16.580000000000002,25.979999999999997,27.500000000000004,31.369999999999997,-9.27,-1.03,3.55,3.91
CENTURYTEX,134.54,103.21000000000001,157.18,100.05999999999999,21.560000000000002,14.790000000000001,15.129999999999999,2.79
