,calendar_ytd_ret,financial_ytd_ret,1y_ret,6m_ret,3m_ret,exp_ret,5d_ret,3d_ret
SUNTV,15.370000000000001,32.89,42.76,31.369999999999997,4.33,-2.9000000000000004,-1.4200000000000002,1.82
PVRINOX,-3.74,16.48,-6.49,16.06,10.15,-6.93,-2.01,3.11
NETWORK18,-11.41,-27.68,22.439999999999998,-14.829999999999998,-6.069999999999999,-5.140000000000001,-3.6999999999999997,4.569999999999999
SAREGAMA,69.8,54.83,70.95,59.75,19.31,1.4200000000000002,-3.8899999999999997,6.76
ZEEL,-53.059999999999995,-19.89,-49.25,-15.370000000000001,-11.95,-4.21,-5.0200000000000005,2.37
TV18BRDCST,-16.97,-29.59,-3.05,-13.639999999999999,-3.25,-6.069999999999999,-3.5900000000000003,3.3000000000000003
