,calendar_ytd_ret,financial_ytd_ret,1y_ret,6m_ret,3m_ret,exp_ret,5d_ret,3d_ret
SUNTV,16.89,34.65,39.89,44.29,9.950000000000001,0.59,-0.38999999999999996,1.32
PVRINOX,2.37,23.880000000000003,-4.03,32.99,18.93,11.799999999999999,1.71,1.5
NETWORK18,-4.569999999999999,-22.09,26.590000000000003,-5.43,3.09,-13.34,-7.489999999999999,-0.44999999999999996
SAREGAMA,40.78,28.37,30.98,45.83,-6.4,-1.06,-0.35000000000000003,0.13999999999999999
ZEEL,-53.64,-20.880000000000003,-53.1,-9.49,-14.38,-12.57,-4.2299999999999995,0.97
TV18BRDCST,-9.86,-23.56,3.2199999999999998,-7.39,8.540000000000001,-4.99,-6.569999999999999,0.37
