,calendar_ytd_ret,financial_ytd_ret,1y_ret,6m_ret,3m_ret,exp_ret,5d_ret,3d_ret
SWANENERGY,27.150000000000002,-12.809999999999999,115.75999999999999,-9.94,18.7,-3.55,-3.71,-1.8399999999999999
GODREJIND,61.62,50.21,124.75,49.44,51.81,20.200000000000003,18.69,13.33
3MINDIA,-5.8999999999999995,9.78,14.92,14.469999999999999,5.8999999999999995,-1.1400000000000001,-0.5599999999999999,-1.97
DCMSHRIRAM,11.07,19.71,26.8,16.900000000000002,24.33,-0.48,1.26,-1.2
