,calendar_ytd_ret,financial_ytd_ret,1y_ret,6m_ret,3m_ret,exp_ret,5d_ret,3d_ret
JKPAPER,27.450000000000003,37.730000000000004,34.17,41.02,-8.62,10.51,1.27,2.16
CENTURYTEX,123.96000000000001,94.04,155.49,48.75,30.0,-0.47000000000000003,1.71,1.68
