,calendar_ytd_ret,financial_ytd_ret,1y_ret,6m_ret,3m_ret,exp_ret,5d_ret,3d_ret
VTL,27.02,14.42,45.2,15.93,6.18,-8.74,-2.78,-0.02
WELSPUNLIV,26.450000000000003,18.029999999999998,59.309999999999995,19.34,26.71,3.16,2.46,4.77
ALOKINDS,18.45,-12.34,66.38,-11.42,-5.46,-6.58,-1.21,0.96
RAYMOND,7.64,1.1400000000000001,-4.82,9.610000000000001,-17.71,-6.65,-2.17,1.0999999999999999
KPRMILL,4.2299999999999995,11.77,34.58,15.21,3.34,1.97,-3.44,0.36
PAGEIND,6.6000000000000005,19.650000000000002,4.36,13.65,15.379999999999999,0.12,0.5700000000000001,1.05
TRIDENT,2.42,-12.1,16.55,-12.83,-7.51,-0.72,-0.75,0.95
