,calendar_ytd_ret,financial_ytd_ret,1y_ret,6m_ret,3m_ret,exp_ret,5d_ret,3d_ret
SWANENERGY,19.57,-18.01,106.66,11.899999999999999,-7.779999999999999,-9.31,-3.8,-0.41000000000000003
GODREJIND,64.13,52.54,125.31000000000002,54.50000000000001,49.04,22.06,1.26,1.46
3MINDIA,-3.64,12.43,10.83,16.57,-3.01,1.24,1.35,1.97
DCMSHRIRAM,5.96,14.21,10.99,18.94,6.890000000000001,-5.06,-4.45,-1.55
