,calendar_ytd_ret,financial_ytd_ret,1y_ret,6m_ret,3m_ret,exp_ret,5d_ret,3d_ret
SUNTV,18.81,36.86,42.970000000000006,43.730000000000004,11.5,2.2399999999999998,3.26,0.48
PVRINOX,4.88,26.91,-1.26,30.86,21.9,14.540000000000001,5.19,2.07
NETWORK18,-5.88,-23.169999999999998,24.279999999999998,-10.05,3.2300000000000004,-14.530000000000001,-2.4899999999999998,0.13
SAREGAMA,60.589999999999996,46.43,45.019999999999996,61.47,6.12,12.86,14.000000000000002,11.44
ZEEL,-50.3,-15.17,-50.2,-4.16,-10.05,-6.2700000000000005,6.529999999999999,7.24
TV18BRDCST,-10.32,-23.95,-0.35000000000000003,-8.690000000000001,9.98,-5.47,-1.67,0.35000000000000003
