,calendar_ytd_ret,financial_ytd_ret,1y_ret,6m_ret,3m_ret,exp_ret,5d_ret,3d_ret
SUNTV,18.740000000000002,36.78,43.5,41.28,6.909999999999999,-0.06,0.42,-0.05
PVRINOX,0.27999999999999997,21.34,-2.83,25.380000000000003,13.15,-3.04,-2.41,-4.390000000000001
NETWORK18,-6.16,-23.39,22.99,-6.32,-6.5,0.49,-0.16,-0.29
SAREGAMA,72.11,56.940000000000005,63.32,81.35,15.809999999999999,2.81,19.43,7.180000000000001
ZEEL,-49.87,-14.45,-47.96,-2.58,-10.12,2.3,8.16,0.86
TV18BRDCST,-11.78,-25.19,-2.94,-5.01,-2.1999999999999997,-0.2,-1.29,-1.63
