,calendar_ytd_ret,financial_ytd_ret,1y_ret,6m_ret,3m_ret,exp_ret,5d_ret,3d_ret
SUNTV,12.91,30.06,48.83,29.68,25.19,-1.25,0.06,0.26
PVRINOX,-8.870000000000001,10.27,-11.77,9.379999999999999,12.870000000000001,1.52,0.45999999999999996,-0.21
NETWORK18,9.56,-10.56,56.24,-18.83,18.66,14.75,-3.2399999999999998,-4.22
SAREGAMA,40.36,27.98,33.09,26.26,6.7299999999999995,-4.81,-2.69,-1.7000000000000002
ZEEL,-50.78,-16.0,-50.18,-24.26,-9.229999999999999,-1.09,-0.06999999999999999,-3.04
TV18BRDCST,-4.8500000000000005,-19.31,9.950000000000001,-21.68,9.83,14.35,-2.02,-3.34
