,calendar_ytd_ret,financial_ytd_ret,1y_ret,6m_ret,3m_ret,exp_ret,5d_ret,3d_ret
JKPAPER,18.16,27.689999999999998,26.47,29.37,23.71,0.31,0.76,0.44999999999999996
CENTURYTEX,90.62,65.16,136.79,60.68,26.5,-6.7,-3.9600000000000004,0.15
