,calendar_ytd_ret,financial_ytd_ret,1y_ret,6m_ret,3m_ret,exp_ret,5d_ret,3d_ret
JKPAPER,15.68,25.009999999999998,26.52,38.34,-11.43,-1.7999999999999998,-0.7000000000000001,2.7
CENTURYTEX,131.7,100.75,180.98000000000002,102.30999999999999,23.68,13.4,1.37,1.27
