,calendar_ytd_ret,financial_ytd_ret,1y_ret,6m_ret,3m_ret,exp_ret,5d_ret,3d_ret
VTL,30.44,17.49,49.15,13.74,9.969999999999999,-6.279999999999999,4.130000000000001,0.69
WELSPUNLIV,40.400000000000006,31.06,74.24,29.099999999999998,42.42,14.46,4.53,2.8000000000000003
ALOKINDS,33.160000000000004,-1.46,79.94,-2.13,9.98,5.0200000000000005,1.17,0.6
RAYMOND,16.89,9.83,3.73,13.719999999999999,-7.8100000000000005,0.98,6.239999999999999,-2.7199999999999998
KPRMILL,6.16,13.450000000000001,33.89,21.26,11.24,3.2,0.33999999999999997,-2.35
PAGEIND,9.28,22.33,2.26,15.17,15.440000000000001,2.03,-0.1,0.04
TRIDENT,4.5,-10.32,15.65,-14.280000000000001,0.72,0.32,-0.9199999999999999,-0.44999999999999996
