,calendar_ytd_ret,financial_ytd_ret,1y_ret,6m_ret,3m_ret,exp_ret,5d_ret,3d_ret
JKPAPER,25.85,36.0,29.81,44.940000000000005,-9.86,9.11,10.59,2.4699999999999998
CENTURYTEX,120.19,90.78,149.57,60.8,20.32,-2.1399999999999997,-7.090000000000001,-2.39
