,calendar_ytd_ret,financial_ytd_ret,1y_ret,6m_ret,3m_ret,exp_ret,5d_ret,3d_ret
VTL,29.830000000000002,16.950000000000003,27.73,13.65,8.35,-1.8399999999999999,2.58,2.87
WELSPUNLIV,29.34,20.74,52.580000000000005,22.68,33.48,-9.92,-0.84,1.4000000000000001
ALOKINDS,24.68,-7.7299999999999995,49.13,-3.9,-2.1999999999999997,-4.07,-1.41,-2.1
RAYMOND,14.21,7.31,0.63,9.64,-21.68,0.27,-5.6899999999999995,-1.9300000000000002
KPRMILL,4.109999999999999,11.26,12.94,8.27,1.7500000000000002,-0.19,1.7000000000000002,-1.44
PAGEIND,6.25,18.94,3.26,14.330000000000002,4.36,-2.3,-2.15,0.05
TRIDENT,2.6599999999999997,-11.899999999999999,0.86,-9.11,-2.46,-1.52,0.0,0.13999999999999999
