,calendar_ytd_ret,financial_ytd_ret,1y_ret,6m_ret,3m_ret,exp_ret,5d_ret,3d_ret
SWANENERGY,36.59,-6.329999999999999,169.54,-2.93,15.85,-0.65,3.6700000000000004,2.4699999999999998
GODREJIND,26.529999999999998,17.599999999999998,88.42999999999999,17.61,12.870000000000001,5.91,5.83,2.8400000000000003
3MINDIA,-2.09,14.23,36.16,18.04,17.119999999999997,-6.15,0.06999999999999999,1.7399999999999998
DCMSHRIRAM,12.57,21.33,31.990000000000002,18.96,15.73,11.98,5.87,0.64
