,calendar_ytd_ret,financial_ytd_ret,1y_ret,6m_ret,3m_ret,exp_ret,5d_ret,3d_ret
VTL,20.62,8.649999999999999,25.729999999999997,-0.8200000000000001,-16.57,-1.59,-1.5,-1.52
WELSPUNLIV,12.49,5.0,37.65,7.290000000000001,-6.819999999999999,-3.6700000000000004,-5.319999999999999,-1.8499999999999999
ALOKINDS,12.41,-16.81,30.080000000000002,-13.200000000000001,-11.08,-4.88,-4.2700000000000005,-4.95
RAYMOND,3.4299999999999997,-2.82,-0.2,-6.47,-23.369999999999997,-3.47,11.129999999999999,10.71
KPRMILL,17.66,25.740000000000002,29.720000000000002,17.14,10.71,-4.09,2.12,2.59
PAGEIND,21.72,36.26,20.27,30.570000000000004,13.79,10.35,5.29,1.96
TRIDENT,-3.54,-17.22,-6.63,-12.35,-8.690000000000001,-3.45,-1.6400000000000001,-1.76
