,calendar_ytd_ret,financial_ytd_ret,1y_ret,6m_ret,3m_ret,exp_ret,5d_ret,3d_ret
SWANENERGY,9.41,-24.97,94.67,-17.16,-22.54,-1.53,-0.05,7.7700000000000005
GODREJIND,51.0,40.339999999999996,100.4,38.04,22.759999999999998,-8.32,0.69,3.47
3MINDIA,-6.01,9.67,13.62,15.55,-11.24,-0.8200000000000001,1.04,3.27
DCMSHRIRAM,-0.9299999999999999,6.79,-6.77,7.84,2.94,-6.819999999999999,-1.94,3.39
