,calendar_ytd_ret,financial_ytd_ret,1y_ret,6m_ret,3m_ret,exp_ret,5d_ret,3d_ret
VTL,29.26,16.43,23.29,23.630000000000003,3.91,-2.27,-0.8200000000000001,0.65
WELSPUNLIV,23.29,15.079999999999998,41.68,31.39,23.3,-14.13,-0.33,-3.19
ALOKINDS,20.330000000000002,-10.95,18.39,-5.38,-12.97,-7.42,-1.72,-2.54
RAYMOND,6.79,0.33999999999999997,-15.590000000000002,13.11,-24.85,-6.239999999999999,-4.3,-0.6799999999999999
KPRMILL,5.0,12.21,14.81,13.52,-1.39,0.67,1.6099999999999999,2.19
PAGEIND,14.149999999999999,27.779999999999998,7.95,28.83,12.21,4.97,3.7199999999999998,0.04
TRIDENT,1.47,-12.93,-11.35,3.61,-5.4399999999999995,-2.67,-0.05,-0.45999999999999996
