,calendar_ytd_ret,financial_ytd_ret,1y_ret,6m_ret,3m_ret,exp_ret,5d_ret,3d_ret
JKPAPER,11.0,19.96,23.799999999999997,19.41,4.03,-5.7700000000000005,-4.09,0.74
CENTURYTEX,114.25,85.63,154.68,82.26,25.85,4.859999999999999,10.25,10.97
