,calendar_ytd_ret,financial_ytd_ret,1y_ret,6m_ret,3m_ret,exp_ret,5d_ret,3d_ret
SWANENERGY,29.110000000000003,-11.469999999999999,133.07999999999998,-12.389999999999999,16.29,-2.07,-2.07,-2.6100000000000003
GODREJIND,62.72,51.239999999999995,128.14000000000001,48.57,52.73,21.02,21.02,19.509999999999998
3MINDIA,-3.88,12.15,18.58,14.78,10.85,0.9900000000000001,0.9900000000000001,0.15
DCMSHRIRAM,11.63,20.32,27.38,14.34,26.56,0.02,0.02,-1.08
