,calendar_ytd_ret,financial_ytd_ret,1y_ret,6m_ret,3m_ret,exp_ret,5d_ret,3d_ret
SUNTV,12.22,29.26,31.740000000000002,25.6,-2.8400000000000003,-5.55,-1.47,-0.42
PVRINOX,-4.16,15.97,-6.11,12.709999999999999,8.91,-7.33,-0.86,-1.13
NETWORK18,-9.44,-26.07,16.24,-11.12,-6.800000000000001,-3.0300000000000002,4.42,3.7199999999999998
SAREGAMA,49.96,36.74,55.54,39.46,2.98,-10.42,-13.29,-9.22
ZEEL,-52.22,-18.45,-49.05,-12.67,-18.029999999999998,-2.48,3.53,1.5
TV18BRDCST,-16.02,-28.78,-6.17,-11.0,-3.26,-5.0,2.96,2.2399999999999998
