,calendar_ytd_ret,financial_ytd_ret,1y_ret,6m_ret,3m_ret,exp_ret,5d_ret,3d_ret
VTL,23.61,11.34,20.34,10.07,-1.4000000000000001,0.8500000000000001,-0.64,0.8099999999999999
WELSPUNLIV,13.38,5.84,32.67,19.29,8.33,-2.9000000000000004,-4.45,-1.18
ALOKINDS,24.26,-8.04,37.11,1.6500000000000001,-7.88,5.1499999999999995,3.9600000000000004,5.87
RAYMOND,2.5,-3.6900000000000004,-6.7,-2.19,-40.93,-4.34,-4.760000000000001,-3.55
KPRMILL,16.39,24.39,31.630000000000003,14.719999999999999,7.64,-5.12,-5.47,-1.5
PAGEIND,12.9,26.38,9.26,25.900000000000002,11.360000000000001,2.35,2.25,2.07
TRIDENT,1.97,-12.5,-2.98,0.44,-5.17,2.06,1.41,2.69
