,calendar_ytd_ret,financial_ytd_ret,1y_ret,6m_ret,3m_ret,exp_ret,5d_ret,3d_ret
SWANENERGY,5.74,-27.49,83.54,-12.35,-21.11,-4.84,-3.66,-2.62
GODREJIND,39.12,29.29,52.980000000000004,23.7,16.2,-15.540000000000001,-6.01,-2.18
3MINDIA,-7.61,7.79,11.62,17.299999999999997,-11.42,-3.42,-0.04,-0.61
DCMSHRIRAM,7.8100000000000005,16.21,5.64,19.23,9.99,1.4000000000000001,8.66,-1.83
