,calendar_ytd_ret,financial_ytd_ret,1y_ret,6m_ret,3m_ret,exp_ret,5d_ret,3d_ret
JKPAPER,18.81,28.389999999999997,20.74,36.46,-13.66,3.01,-7.000000000000001,-4.96
CENTURYTEX,148.45,115.26,159.01000000000002,64.23,38.45,10.42,6.02,6.11
