,calendar_ytd_ret,financial_ytd_ret,1y_ret,6m_ret,3m_ret,exp_ret,5d_ret,3d_ret
VTL,30.330000000000002,17.4,29.14,15.809999999999999,5.38,-1.46,3.08,1.1400000000000001
WELSPUNLIV,23.7,15.47,43.120000000000005,22.259999999999998,29.020000000000003,-13.850000000000001,-5.779999999999999,-2.82
ALOKINDS,22.439999999999998,-9.39,31.69,-10.02,-5.63,-5.800000000000001,-7.109999999999999,-2.06
RAYMOND,11.59,4.8500000000000005,-3.82,9.1,-24.51,-2.03,-5.33,0.22
KPRMILL,3.34,10.440000000000001,12.509999999999998,6.3,1.01,-0.9199999999999999,-0.06,-0.86
PAGEIND,10.05,23.200000000000003,5.7700000000000005,18.37,9.030000000000001,1.2,1.8800000000000001,3.74
TRIDENT,1.52,-12.879999999999999,0.83,-8.1,-9.83,-2.6100000000000003,-2.3800000000000003,0.33
