,calendar_ytd_ret,financial_ytd_ret,1y_ret,6m_ret,3m_ret,exp_ret,5d_ret,3d_ret
SWANENERGY,33.96,-8.14,149.97,-8.88,10.209999999999999,-2.56,-1.9300000000000002,-2.19
GODREJIND,35.620000000000005,26.040000000000003,100.22,24.55,20.830000000000002,13.52,7.180000000000001,7.3999999999999995
3MINDIA,-2.56,13.68,26.46,15.83,7.19,-6.6000000000000005,-0.48,2.54
DCMSHRIRAM,12.479999999999999,21.240000000000002,27.310000000000002,18.7,17.32,11.899999999999999,-0.08,-2.39
