,calendar_ytd_ret,financial_ytd_ret,1y_ret,6m_ret,3m_ret,exp_ret,5d_ret,3d_ret
VTL,28.32,15.58,46.93,11.16,7.8,-7.8100000000000005,1.79,2.3800000000000003
WELSPUNLIV,38.54,29.32,73.87,30.72,39.12,12.950000000000001,7.670000000000001,2.39
ALOKINDS,30.54,-3.4000000000000004,78.64999999999999,-5.2,6.78,2.96,9.77,-4.46
RAYMOND,17.740000000000002,10.63,4.9399999999999995,15.110000000000001,-6.75,1.71,9.229999999999999,-0.22
KPRMILL,6.03,13.320000000000002,31.59,20.14,8.51,3.08,-0.5,-2.46
PAGEIND,10.290000000000001,23.46,3.9699999999999998,15.52,15.709999999999999,2.98,2.42,-0.62
TRIDENT,4.05,-10.71,16.580000000000002,-15.78,0.32,-0.11,0.38,-1.63
