,calendar_ytd_ret,financial_ytd_ret,1y_ret,6m_ret,3m_ret,exp_ret,5d_ret,3d_ret
VTL,20.94,8.94,20.94,2.3800000000000003,-7.7299999999999995,-1.32,-1.3599999999999999,-1.1400000000000001
WELSPUNLIV,13.309999999999999,5.7700000000000005,32.54,4.96,1.8399999999999999,-2.96,-6.54,-1.08
ALOKINDS,17.75,-12.86,34.44,-13.309999999999999,-9.8,-0.36,-7.88,-2.26
RAYMOND,-6.04,-11.72,-10.56,-15.72,-47.599999999999994,-12.31,-7.42,-2.5100000000000002
KPRMILL,14.77,22.650000000000002,25.69,11.67,8.81,-6.4399999999999995,-2.09,-0.18
PAGEIND,11.219999999999999,24.5,10.93,23.86,8.03,0.83,-1.05,2.12
TRIDENT,-2.71,-16.509999999999998,-7.180000000000001,-13.44,-8.04,-2.62,-5.38,-1.71
