,calendar_ytd_ret,financial_ytd_ret,1y_ret,6m_ret,3m_ret,exp_ret,5d_ret,3d_ret
SUNTV,14.32,32.22,52.27,34.22,20.71,0.88,-0.5599999999999999,0.13999999999999999
PVRINOX,-8.33,10.92,-5.0,11.110000000000001,14.78,2.12,3.1,6.13
NETWORK18,9.27,-10.79,61.63999999999999,-10.16,16.830000000000002,14.45,-1.41,1.7000000000000002
SAREGAMA,42.449999999999996,31.180000000000003,32.28,51.5,20.74,-2.44,8.110000000000001,7.13
ZEEL,-50.83,-16.07,-42.74,-28.110000000000003,0.1,-1.18,-0.73,0.8699999999999999
TV18BRDCST,-6.4799999999999995,-20.69,20.18,-18.64,10.09,12.4,2.01,3.5999999999999996
