,calendar_ytd_ret,financial_ytd_ret,1y_ret,6m_ret,3m_ret,exp_ret,5d_ret,3d_ret
VTL,,,,,,,,
WELSPUNLIV,27.29,18.82,49.980000000000004,19.52,32.0,-11.34,-1.91,-3.04
ALOKINDS,25.009999999999998,-7.489999999999999,49.94,-5.0200000000000005,0.41000000000000003,-3.82,-0.6,-5.1499999999999995
RAYMOND,11.34,4.62,-2.65,6.54,-24.94,-2.25,-9.47,-5.54
KPRMILL,4.24,11.4,14.66,10.6,1.23,-0.06,2.64,0.8
PAGEIND,,,,,,,,
TRIDENT,1.1900000000000002,-13.16,-0.59,-12.13,-1.83,-2.93,-1.44,-2.7
