,calendar_ytd_ret,financial_ytd_ret,1y_ret,6m_ret,3m_ret,exp_ret,5d_ret,3d_ret
VTL,19.38,7.53,24.04,0.33999999999999997,-11.700000000000001,-2.6,-1.03,-2.21
WELSPUNLIV,10.95,3.56,28.88,9.879999999999999,-7.76,-4.99,-1.37,-0.9299999999999999
ALOKINDS,5.8999999999999995,-21.63,24.92,-18.67,-10.879999999999999,-10.38,-5.79,-2.16
RAYMOND,-1.51,-7.449999999999999,-4.81,-15.64,-10.66,-8.07,-4.77,-0.73
KPRMILL,12.520000000000001,20.25,28.43,9.58,7.99,-8.28,-4.37,-1.54
PAGEIND,17.14,31.130000000000003,14.399999999999999,27.12,9.65,6.1899999999999995,-3.7699999999999996,-2.09
TRIDENT,-5.54,-18.94,-7.580000000000001,-11.17,-8.14,-5.46,-2.08,-4.77
