,calendar_ytd_ret,financial_ytd_ret,1y_ret,6m_ret,3m_ret,exp_ret,5d_ret,3d_ret
SUNTV,15.14,32.64,33.89,32.61,4.35,-0.91,1.44,-0.36
PVRINOX,-4.4799999999999995,15.590000000000002,-11.51,15.0,13.38,4.32,0.29,1.17
NETWORK18,1.31,-17.299999999999997,29.470000000000002,-2.22,6.260000000000001,-8.0,-3.83,-0.95
SAREGAMA,41.82,29.310000000000002,32.51,35.08,-5.37,-0.33999999999999997,3.7900000000000005,3.7800000000000002
ZEEL,-50.68,-15.82,-48.33,-12.049999999999999,-18.78,-6.99,-0.09,1.8399999999999999
TV18BRDCST,-6.08,-20.349999999999998,-1.29,-7.8100000000000005,6.3,-1.0,-5.970000000000001,-1.29
