,calendar_ytd_ret,financial_ytd_ret,1y_ret,6m_ret,3m_ret,exp_ret,5d_ret,3d_ret
SUNTV,11.72,28.7,28.84,32.39,-2.4299999999999997,-5.970000000000001,-1.39,-3.16
PVRINOX,-2.32,18.19,-5.5,17.01,9.719999999999999,-5.56,4.63,1.47
NETWORK18,-6.859999999999999,-23.96,18.69,-9.04,-1.8800000000000001,-0.26,9.950000000000001,5.140000000000001
SAREGAMA,60.099999999999994,45.98,61.71,50.29,12.0,-4.37,0.66,-5.71
ZEEL,-52.62,-19.139999999999997,-50.59,-11.16,-16.3,-3.3099999999999996,3.3300000000000005,0.9400000000000001
TV18BRDCST,-13.170000000000002,-26.36,-4.47,-8.649999999999999,1.46,-1.77,8.03,4.58
