,calendar_ytd_ret,financial_ytd_ret,1y_ret,6m_ret,3m_ret,exp_ret,5d_ret,3d_ret
JKPAPER,12.950000000000001,22.05,20.549999999999997,28.77,-6.370000000000001,-1.08,-3.45,-0.3
CENTURYTEX,132.78,101.67999999999999,162.82000000000002,42.26,29.59,5.35,2.58,2.36
