,calendar_ytd_ret,financial_ytd_ret,1y_ret,6m_ret,3m_ret,exp_ret,5d_ret,3d_ret
SUNTV,18.81,36.86,40.8,42.02,11.129999999999999,2.25,2.98,1.6500000000000001
PVRINOX,3.42,25.15,-3.29,29.95,16.78,12.950000000000001,2.54,1.03
NETWORK18,-6.619999999999999,-23.77,18.990000000000002,-6.3,2.98,-15.2,-2.59,-2.15
SAREGAMA,67.41,52.65,51.31,65.52,10.32,17.65,19.08,18.92
ZEEL,-51.0,-16.37,-50.67,-4.47,-10.979999999999999,-7.59,6.72,5.6899999999999995
TV18BRDCST,-11.600000000000001,-25.040000000000003,-2.0,-7.000000000000001,7.829999999999999,-6.83,-1.5699999999999998,-1.9300000000000002
