,calendar_ytd_ret,financial_ytd_ret,1y_ret,6m_ret,3m_ret,exp_ret,5d_ret,3d_ret
SUNTV,8.469999999999999,24.95,22.770000000000003,16.59,-16.48,2.06,0.97,2.16
PVRINOX,-9.29,9.76,-5.84,15.770000000000001,0.24,-1.31,-4.5,0.45999999999999996
NETWORK18,-4.05,-21.67,22.89,8.07,-16.12,3.3300000000000005,-2.74,0.24
SAREGAMA,39.62,27.310000000000002,60.67,19.35,6.77,0.44999999999999996,-3.9,-0.0
ZEEL,-54.53,-22.39,-51.81,-5.48,-9.180000000000001,2.22,1.4000000000000001,2.86
TV18BRDCST,0.0,0.0,0.0,0.0,0.0,0.0,0.0,0.0
