,calendar_ytd_ret,financial_ytd_ret,1y_ret,6m_ret,3m_ret,exp_ret,5d_ret,3d_ret
SWANENERGY,12.989999999999998,-22.52,98.45,-13.13,-6.859999999999999,1.69,-1.03,-2.58
GODREJIND,65.96,54.24,121.10000000000001,59.940000000000005,37.61,0.76,0.26,-0.11
3MINDIA,-8.09,7.23,14.09,8.94,-11.87,-3.92,-3.94,-4.9799999999999995
DCMSHRIRAM,1.3599999999999999,9.26,-0.6799999999999999,20.64,3.2,-4.66,-3.45,-1.7999999999999998
