,calendar_ytd_ret,financial_ytd_ret,1y_ret,6m_ret,3m_ret,exp_ret,5d_ret,3d_ret
JKPAPER,13.68,22.85,16.76,39.660000000000004,-15.47,-3.49,-0.74,-0.24
CENTURYTEX,122.19,92.51,148.77,86.14,17.32,8.75,-2.3800000000000003,-2.2399999999999998
