,calendar_ytd_ret,financial_ytd_ret,1y_ret,6m_ret,3m_ret,exp_ret,5d_ret,3d_ret
JKPAPER,21.029999999999998,31.979999999999997,47.370000000000005,29.34,30.61,-12.73,0.49,1.02
CENTURYTEX,74.47,51.160000000000004,109.08,55.11000000000001,-1.49,-6.72,-3.34,1.28
