,calendar_ytd_ret,financial_ytd_ret,1y_ret,6m_ret,3m_ret,exp_ret,5d_ret,3d_ret
SWANENERGY,24.3,-14.77,103.32,-12.16,4.78,-5.72,-2.25,1.8800000000000001
GODREJIND,62.09,50.63999999999999,130.76000000000002,50.83,50.81,20.54,0.29,-0.35000000000000003
3MINDIA,-4.03,11.98,13.01,18.9,0.51,-0.11,1.05,0.66
DCMSHRIRAM,10.9,19.54,20.69,18.759999999999998,14.760000000000002,-0.63,-0.15,0.86
