,calendar_ytd_ret,financial_ytd_ret,1y_ret,6m_ret,3m_ret,exp_ret,5d_ret,3d_ret
SWANENERGY,9.76,-24.73,95.33,-15.52,-20.29,-1.22,2.4299999999999997,0.47000000000000003
GODREJIND,48.02,37.57,88.94,29.48,22.2,-10.14,0.4,0.21
3MINDIA,-8.44,6.83,10.39,14.44,-12.770000000000001,-3.39,0.31,-1.18
DCMSHRIRAM,-0.7799999999999999,6.950000000000001,-5.63,4.32,1.63,-6.68,2.16,-0.11
