,calendar_ytd_ret,financial_ytd_ret,1y_ret,6m_ret,3m_ret,exp_ret,5d_ret,3d_ret
SUNTV,17.03,34.8,41.339999999999996,35.82,5.7700000000000005,-1.51,-1.5,-1.4500000000000002
PVRINOX,-1.77,18.87,-5.19,17.64,10.870000000000001,-5.0200000000000005,-6.34,-2.04
NETWORK18,-8.01,-24.91,18.07,-11.12,-7.79,-1.5,-2.26,-1.9800000000000002
SAREGAMA,76.66,61.09,79.81,80.43,18.87,5.52,10.01,2.64
ZEEL,-50.580000000000005,-15.65,-48.870000000000005,-7.71,-9.51,0.86,-0.5599999999999999,-1.41
TV18BRDCST,-13.88,-26.97,-4.9399999999999995,-10.7,-3.4799999999999995,-2.58,-3.9699999999999998,-2.3800000000000003
