,calendar_ytd_ret,financial_ytd_ret,1y_ret,6m_ret,3m_ret,exp_ret,5d_ret,3d_ret
VTL,25.34,12.9,41.57,11.52,10.6,-9.950000000000001,-1.87,-0.58
WELSPUNLIV,35.32,26.31,65.3,27.500000000000004,35.83,10.32,11.26,5.16
ALOKINDS,36.63,1.11,77.86999999999999,-0.7799999999999999,10.08,7.76,15.299999999999999,14.89
RAYMOND,18.01,10.879999999999999,3.09,18.09,-9.379999999999999,1.94,9.49,9.47
KPRMILL,8.709999999999999,16.18,35.56,21.98,11.85,5.6899999999999995,3.8899999999999997,2.01
PAGEIND,10.979999999999999,24.240000000000002,7.07,17.740000000000002,19.8,3.62,3.0,3.06
TRIDENT,5.779999999999999,-9.229999999999999,14.96,-11.73,1.18,1.55,2.53,2.04
