,calendar_ytd_ret,financial_ytd_ret,1y_ret,6m_ret,3m_ret,exp_ret,5d_ret,3d_ret
SUNTV,12.839999999999998,29.98,50.74999999999999,31.019999999999996,19.33,-1.3,-2.82,-3.06
PVRINOX,-9.29,9.77,-6.0600000000000005,10.38,11.540000000000001,1.05,3.56,0.33
NETWORK18,13.22,-7.57,64.29,-6.17,22.86,18.59,5.58,4.09
SAREGAMA,44.24,31.52,36.04,50.41,24.23,-2.18,6.77,3.3300000000000005
ZEEL,-50.74999999999999,-15.939999999999998,-43.230000000000004,-28.28,-8.33,-1.02,-0.27,0.66
TV18BRDCST,-2.8899999999999997,-17.65,23.53,-15.010000000000002,14.580000000000002,16.71,7.61,6.909999999999999
