,calendar_ytd_ret,financial_ytd_ret,1y_ret,6m_ret,3m_ret,exp_ret,5d_ret,3d_ret
JKPAPER,15.340000000000002,24.64,18.45,41.46,-15.959999999999999,-2.08,2.4,-0.29
CENTURYTEX,125.01,94.95,158.06,88.8,20.9,10.13,-1.6500000000000001,-2.8899999999999997
