,calendar_ytd_ret,financial_ytd_ret,1y_ret,6m_ret,3m_ret,exp_ret,5d_ret,3d_ret
SUNTV,5.2,21.18,17.11,19.84,-10.57,-11.459999999999999,-2.88,-1.53
PVRINOX,-9.06,10.05,-13.469999999999999,7.140000000000001,1.0,-12.07,-6.29,-1.58
NETWORK18,-10.190000000000001,-26.68,-0.38,-15.14,-14.35,-3.82,-3.95,3.1199999999999997
SAREGAMA,36.44,24.41,40.550000000000004,16.25,-8.1,-18.5,-6.710000000000001,-0.8999999999999999
ZEEL,-54.769999999999996,-22.81,-51.4,-11.32,-12.889999999999999,-7.7,-6.21,0.53
TV18BRDCST,-16.02,-28.78,-10.34,-9.959999999999999,-3.61,-5.0,0.0,0.0
