,calendar_ytd_ret,financial_ytd_ret,1y_ret,6m_ret,3m_ret,exp_ret,5d_ret,3d_ret
SWANENERGY,26.529999999999998,-13.239999999999998,114.52,-13.239999999999998,12.690000000000001,-4.03,-4.55,-2.0
GODREJIND,62.62,51.13999999999999,125.82,51.13999999999999,50.5,20.94,19.43,-0.06999999999999999
3MINDIA,-5.2,10.6,16.509999999999998,10.6,4.07,-1.3299999999999998,-2.15,-2.29
DCMSHRIRAM,10.43,19.03,26.040000000000003,19.03,20.89,-1.05,-2.1399999999999997,-1.0699999999999998
