,calendar_ytd_ret,financial_ytd_ret,1y_ret,6m_ret,3m_ret,exp_ret,5d_ret,3d_ret
VTL,24.46,12.1,27.6,2.08,-10.03,1.54,3.5000000000000004,-1.6099999999999999
WELSPUNLIV,16.12,8.39,43.059999999999995,13.950000000000001,-5.64,-0.5599999999999999,2.36,0.54
ALOKINDS,9.56,-18.93,30.669999999999998,-18.5,-8.88,-7.290000000000001,-5.0,-1.76
RAYMOND,-0.8500000000000001,-6.83,-5.64,-10.549999999999999,-14.32,-7.46,1.0699999999999998,-1.96
KPRMILL,13.34,21.12,28.689999999999998,11.92,9.49,-7.61,-0.65,-2.68
PAGEIND,19.91,34.23,17.64,30.259999999999998,14.2,8.709999999999999,-0.16999999999999998,-2.19
TRIDENT,-2.29,-16.150000000000002,-3.88,-8.35,-5.67,-2.1999999999999997,0.33999999999999997,-2.4699999999999998
