,calendar_ytd_ret,financial_ytd_ret,1y_ret,6m_ret,3m_ret,exp_ret,5d_ret,3d_ret
JKPAPER,17.27,26.729999999999997,29.18,25.019999999999996,24.39,-16.21,-1.53,-1.0999999999999999
CENTURYTEX,98.48,71.96000000000001,142.63,70.50999999999999,17.29,5.87,3.0,-3.62
