,calendar_ytd_ret,financial_ytd_ret,1y_ret,6m_ret,3m_ret,exp_ret,5d_ret,3d_ret
SUNTV,10.68,27.49,26.029999999999998,28.59,-2.48,-6.8500000000000005,-1.79,-1.37
PVRINOX,-1.94,18.66,-4.55,16.54,15.2,-5.19,1.16,2.32
NETWORK18,-1.59,-19.66,18.73,0.06999999999999999,7.02,5.38,12.72,8.67
SAREGAMA,54.53,40.9,61.660000000000004,45.83,4.590000000000001,-7.7,-6.460000000000001,3.04
ZEEL,-53.080000000000005,-19.91,-50.55,-9.13,-9.49,-4.2299999999999995,-0.32,-1.7999999999999998
TV18BRDCST,-16.02,-28.78,-8.200000000000001,-7.7,1.0,-5.0,2.2399999999999998,0.0
