,calendar_ytd_ret,financial_ytd_ret,1y_ret,6m_ret,3m_ret,exp_ret,5d_ret,3d_ret
VTL,26.529999999999998,13.969999999999999,32.36,14.469999999999999,-5.8999999999999995,5.779999999999999,2.56,1.87
WELSPUNLIV,12.7,5.2,8.24,17.03,-8.25,7.090000000000001,4.77,5.21
ALOKINDS,5.67,-21.8,29.659999999999997,-12.389999999999999,-12.629999999999999,1.71,-1.1400000000000001,0.9400000000000001
RAYMOND,-5.92,-11.600000000000001,-7.91,-22.09,-15.870000000000001,0.24,-2.48,-1.48
KPRMILL,12.8,20.549999999999997,15.57,17.75,3.3000000000000003,1.59,-0.18,2.78
PAGEIND,18.58,32.74,21.01,32.56,12.920000000000002,4.18,3.84,3.8899999999999997
TRIDENT,-5.35,-18.77,-1.55,-8.74,-10.16,0.9199999999999999,-3.1300000000000003,-0.06
