,calendar_ytd_ret,financial_ytd_ret,1y_ret,6m_ret,3m_ret,exp_ret,5d_ret,3d_ret
SUNTV,15.89,33.489999999999995,53.14,32.84,23.82,1.3599999999999999,2.63,5.680000000000001
PVRINOX,-8.870000000000001,10.27,-11.690000000000001,9.959999999999999,13.38,1.52,-0.29,1.76
NETWORK18,11.940000000000001,-8.62,56.32,-17.83,23.380000000000003,17.24,-0.88,-0.27999999999999997
SAREGAMA,40.97,28.54,35.35,28.38,8.91,-4.3999999999999995,-2.8400000000000003,-1.52
ZEEL,-45.09,-6.29,-45.35,-21.709999999999997,-0.11,10.34,8.28,10.38
TV18BRDCST,-3.3300000000000005,-18.02,11.59,-24.19,14.2,16.18,-1.4500000000000002,0.38999999999999996
