,calendar_ytd_ret,financial_ytd_ret,1y_ret,6m_ret,3m_ret,exp_ret,5d_ret,3d_ret
SWANENERGY,19.869999999999997,-17.8,101.23,-12.07,1.97,-9.08,-5.26,-0.52
GODREJIND,61.67,50.260000000000005,123.86999999999999,51.03,50.42,20.23,-0.58,-0.76
3MINDIA,-5.45,10.32,13.23,16.33,-2.64,-0.67,0.67,0.6
DCMSHRIRAM,7.5200000000000005,15.89,18.62,16.520000000000003,11.06,-3.66,-2.64,-2.75
