,calendar_ytd_ret,financial_ytd_ret,1y_ret,6m_ret,3m_ret,exp_ret,5d_ret,3d_ret
JKPAPER,22.68,32.58,29.09,39.51,-12.950000000000001,6.370000000000001,-3.75,-4.46
CENTURYTEX,150.28,116.85000000000001,166.78,69.36,39.25,11.23,11.75,4.37
