,calendar_ytd_ret,financial_ytd_ret,1y_ret,6m_ret,3m_ret,exp_ret,5d_ret,3d_ret
SWANENERGY,8.59,-25.540000000000003,86.49,-11.76,-21.82,-2.27,-0.6,-1.0699999999999998
GODREJIND,42.22,32.18,47.23,26.14,19.57,-13.66,-3.71,-3.92
3MINDIA,-7.049999999999999,8.450000000000001,11.33,18.82,-10.22,-2.83,-0.61,0.58
DCMSHRIRAM,9.82,18.37,3.7199999999999998,21.790000000000003,11.55,3.29,10.57,10.69
