,calendar_ytd_ret,financial_ytd_ret,1y_ret,6m_ret,3m_ret,exp_ret,5d_ret,3d_ret
JKPAPER,18.16,27.689999999999998,32.0,30.0,30.130000000000003,0.31,0.31,2.73
CENTURYTEX,87.94,62.839999999999996,126.63,55.230000000000004,21.14,-8.02,-8.02,-4.05
