,calendar_ytd_ret,financial_ytd_ret,1y_ret,6m_ret,3m_ret,exp_ret,5d_ret,3d_ret
SWANENERGY,35.65,-6.98,164.85,-4.8500000000000005,8.68,-1.34,2.09,0.75
GODREJIND,27.750000000000004,18.73,91.92,18.060000000000002,12.32,6.94,2.03,1.48
3MINDIA,-5.29,10.5,23.200000000000003,14.280000000000001,14.2,-9.22,-1.16,-1.3
DCMSHRIRAM,12.01,20.74,28.15,17.73,15.57,11.43,-0.97,-1.6
