,calendar_ytd_ret,financial_ytd_ret,1y_ret,6m_ret,3m_ret,exp_ret,5d_ret,3d_ret
JKPAPER,2.32,10.57,11.89,19.56,-14.39,-10.38,-9.41,-4.88
CENTURYTEX,109.71,81.69999999999999,134.02,25.19,20.05,-5.09,-9.91,-5.6000000000000005
