,calendar_ytd_ret,financial_ytd_ret,1y_ret,6m_ret,3m_ret,exp_ret,5d_ret,3d_ret
VTL,25.259999999999998,12.83,41.97,9.22,10.57,-10.0,-1.41,-1.39
WELSPUNLIV,34.31,25.369999999999997,63.17,28.999999999999996,34.92,9.5,11.21,6.15
ALOKINDS,31.619999999999997,-2.6,81.28999999999999,-3.1,5.050000000000001,3.8,12.18,11.110000000000001
RAYMOND,10.02,3.38,-3.46,10.37,-14.97,-4.95,2.93,1.81
KPRMILL,5.800000000000001,13.059999999999999,37.81,19.24,7.53,2.85,1.23,0.8699999999999999
PAGEIND,9.379999999999999,22.45,8.309999999999999,16.81,15.65,2.13,3.08,1.26
TRIDENT,5.47,-9.49,19.46,-11.17,0.49,1.25,2.96,1.9900000000000002
