,calendar_ytd_ret,financial_ytd_ret,1y_ret,6m_ret,3m_ret,exp_ret,5d_ret,3d_ret
SWANENERGY,32.05,-9.45,152.66,-6.569999999999999,11.53,0.16,-3.5900000000000003,-1.43
GODREJIND,36.17,26.56,104.55000000000001,26.009999999999998,26.41,1.27,7.85,0.41000000000000003
3MINDIA,-4.49,11.43,22.34,16.77,4.8,-0.59,0.51,-1.9800000000000002
DCMSHRIRAM,9.68,18.23,24.07,15.959999999999999,13.81,-1.72,-4.81,-2.48
