,calendar_ytd_ret,financial_ytd_ret,1y_ret,6m_ret,3m_ret,exp_ret,5d_ret,3d_ret
VTL,23.53,11.27,27.92,11.52,-0.4,-6.61,-4.43,-3.61
WELSPUNLIV,20.28,12.280000000000001,48.44,20.62,19.74,-16.23,-2.44,-2.06
ALOKINDS,20.75,-10.639999999999999,40.87,-5.050000000000001,-7.8,-7.1,0.35000000000000003,1.4200000000000002
RAYMOND,7.46,0.97,-6.800000000000001,8.28,-33.64,-5.65,0.63,0.88
KPRMILL,14.14,21.98,22.650000000000002,17.27,5.3,9.43,8.7,0.06
PAGEIND,13.200000000000001,26.71,6.94,27.74,7.12,4.09,-0.84,0.01
TRIDENT,1.22,-13.139999999999999,-2.02,-0.02,-4.9399999999999995,-2.91,-0.25,1.6500000000000001
