,calendar_ytd_ret,financial_ytd_ret,1y_ret,6m_ret,3m_ret,exp_ret,5d_ret,3d_ret
VTL,28.15,15.43,25.369999999999997,17.78,3.9899999999999998,-3.11,-0.21,-0.86
WELSPUNLIV,22.82,14.64,44.06,18.95,22.79,-14.46,-3.56,-0.38
ALOKINDS,19.06,-11.89,18.23,-7.23,-9.950000000000001,-8.4,-3.5700000000000003,-1.05
RAYMOND,6.52,0.09,-11.58,5.3100000000000005,-27.68,-6.4799999999999995,-0.9299999999999999,-0.25
KPRMILL,14.069999999999999,21.9,23.830000000000002,22.58,6.38,9.36,11.020000000000001,8.64
PAGEIND,13.19,26.71,4.35,25.419999999999998,8.86,4.08,-0.8,-0.84
TRIDENT,-0.43,-14.549999999999999,-10.86,-4.25,-7.28,-4.4799999999999995,-2.32,-1.8599999999999999
