,calendar_ytd_ret,financial_ytd_ret,1y_ret,6m_ret,3m_ret,exp_ret,5d_ret,3d_ret
JKPAPER,-0.45999999999999996,7.57,9.65,14.63,-18.5,-12.82,-9.139999999999999,-5.11
CENTURYTEX,113.11,84.64,129.14000000000001,25.03,21.87,-3.55,-6.660000000000001,-4.05
