,calendar_ytd_ret,financial_ytd_ret,1y_ret,6m_ret,3m_ret,exp_ret,5d_ret,3d_ret
SUNTV,7.6,23.95,24.02,27.189999999999998,-3.49,-9.43,-3.0700000000000003,-1.3299999999999998
PVRINOX,-4.72,15.290000000000001,-6.81,10.65,10.45,-7.88,-2.4699999999999998,-1.7999999999999998
NETWORK18,-8.41,-25.230000000000004,10.8,-8.68,-6.32,-1.92,-8.14,-2.22
SAREGAMA,38.019999999999996,25.85,42.95,18.02,-4.9399999999999995,-17.560000000000002,-8.27,-7.35
ZEEL,-54.059999999999995,-21.58,-51.39,-11.65,-6.32,-6.23,-2.39,0.36
TV18BRDCST,-16.02,-28.78,-7.1,-6.79,-1.0699999999999998,-5.0,0.0,0.0
