,calendar_ytd_ret,financial_ytd_ret,1y_ret,6m_ret,3m_ret,exp_ret,5d_ret,3d_ret
VTL,22.62,10.45,19.900000000000002,7.779999999999999,-1.44,-7.3,-1.79,-1.44
WELSPUNLIV,14.74,7.1,34.260000000000005,17.01,7.79,-20.09,-3.55,-3.3099999999999996
ALOKINDS,17.380000000000003,-13.139999999999999,31.2,-8.37,-10.24,-9.69,-1.38,-1.7999999999999998
RAYMOND,6.2700000000000005,-0.15,-8.77,2.63,-37.59,-6.7,-1.37,-1.25
KPRMILL,18.16,26.279999999999998,34.42,22.33,10.11,13.29,0.79,-4.04
PAGEIND,10.61,23.810000000000002,5.12,23.31,8.3,1.71,-2.37,0.18
TRIDENT,-0.7000000000000001,-14.790000000000001,-7.580000000000001,-6.74,-6.25,-4.75,-1.08,-1.24
