,calendar_ytd_ret,financial_ytd_ret,1y_ret,6m_ret,3m_ret,exp_ret,5d_ret,3d_ret
SWANENERGY,20.06,-17.669999999999998,100.42999999999999,-10.68,-0.19,-8.94,-1.59,-3.4099999999999997
GODREJIND,61.760000000000005,50.339999999999996,124.27999999999999,47.349999999999994,44.32,20.3,-0.5499999999999999,-0.2
3MINDIA,-4.62,11.29,14.24,16.75,-3.55,-0.72,0.04,-0.62
DCMSHRIRAM,7.62,16.009999999999998,6.98,16.43,4.24,-3.5700000000000003,-2.11,-2.9499999999999997
