,calendar_ytd_ret,financial_ytd_ret,1y_ret,6m_ret,3m_ret,exp_ret,5d_ret,3d_ret
SUNTV,20.26,38.53,40.239999999999995,40.2,12.139999999999999,3.5000000000000004,4.130000000000001,4.3
PVRINOX,1.8599999999999999,23.26,-5.949999999999999,24.990000000000002,20.43,11.24,5.55,5.94
NETWORK18,4.84,-14.41,23.01,4.66,8.3,-4.79,1.32,3.05
SAREGAMA,41.57,29.09,37.31,42.16,-6.03,-0.51,-0.89,0.37
ZEEL,-50.91,-16.21,-50.94,-13.74,-16.189999999999998,-7.41,-2.91,0.1
TV18BRDCST,-1.7000000000000002,-16.64,-0.9199999999999999,1.9300000000000002,15.440000000000001,3.61,1.76,3.94
