,calendar_ytd_ret,financial_ytd_ret,1y_ret,6m_ret,3m_ret,exp_ret,5d_ret,3d_ret
SWANENERGY,12.27,-23.01,90.57,0.77,-12.659999999999998,-14.84,-7.049999999999999,-4.2700000000000005
GODREJIND,61.56,50.14999999999999,105.85,58.32000000000001,50.46000000000001,20.150000000000002,0.12,-2.0
3MINDIA,-4.26,11.700000000000001,8.52,20.7,-5.91,-0.35000000000000003,-0.77,-1.35
DCMSHRIRAM,6.59,14.89,10.03,25.779999999999998,7.249999999999999,-4.49,0.67,0.73
