,calendar_ytd_ret,financial_ytd_ret,1y_ret,6m_ret,3m_ret,exp_ret,5d_ret,3d_ret
SWANENERGY,16.220000000000002,-20.3,112.94,2.36,-5.390000000000001,-11.84,-0.8999999999999999,3.52
GODREJIND,66.3,54.559999999999995,123.82,67.38,46.89,23.68,0.88,2.94
3MINDIA,-3.5999999999999996,12.47,13.4,21.19,-5.01,0.33999999999999997,-0.67,0.69
DCMSHRIRAM,7.24,15.590000000000002,12.53,23.580000000000002,10.299999999999999,-3.91,1.35,0.61
