,calendar_ytd_ret,financial_ytd_ret,1y_ret,6m_ret,3m_ret,exp_ret,5d_ret,3d_ret
JKPAPER,19.81,29.470000000000002,48.92,27.47,30.81,-14.39,-0.8999999999999999,-1.9
CENTURYTEX,89.08,63.82,124.96000000000001,61.69,7.35,0.86,9.51,8.12
