,calendar_ytd_ret,financial_ytd_ret,1y_ret,6m_ret,3m_ret,exp_ret,5d_ret,3d_ret
JKPAPER,23.189999999999998,33.129999999999995,28.110000000000003,41.17,-12.85,6.81,9.49,6.15
CENTURYTEX,116.24000000000001,87.36,146.84,57.84,18.72,-3.9,-7.449999999999999,-7.449999999999999
