,calendar_ytd_ret,financial_ytd_ret,1y_ret,6m_ret,3m_ret,exp_ret,5d_ret,3d_ret
VTL,26.43,13.88,32.61,10.92,6.04,-4.42,-3.08,-2.94
WELSPUNLIV,30.819999999999997,22.11,54.32,19.41,37.88,-8.89,-6.819999999999999,-3.9
ALOKINDS,24.73,-7.6899999999999995,56.19,-10.34,3.42,-4.04,-6.329999999999999,-4.21
RAYMOND,16.96,9.9,2.56,7.42,-10.95,2.69,0.06,0.9299999999999999
KPRMILL,1.55,8.52,14.91,7.109999999999999,3.84,-2.64,-4.34,-0.32
PAGEIND,10.11,23.26,5.16,17.32,16.009999999999998,1.25,0.76,0.19
TRIDENT,2.52,-12.02,-1.28,-15.8,-0.11,-1.6500000000000001,-1.8900000000000001,-0.51
