,calendar_ytd_ret,financial_ytd_ret,1y_ret,6m_ret,3m_ret,exp_ret,5d_ret,3d_ret
JKPAPER,10.190000000000001,19.08,24.39,18.92,5.92,-6.460000000000001,-6.74,-4.8
CENTURYTEX,93.07,67.28,129.19,61.82,12.920000000000002,-5.510000000000001,2.73,-0.65
