,calendar_ytd_ret,financial_ytd_ret,1y_ret,6m_ret,3m_ret,exp_ret,5d_ret,3d_ret
SWANENERGY,31.840000000000003,-9.59,144.57999999999998,-5.2299999999999995,8.19,-4.109999999999999,-2.08,-2.81
GODREJIND,34.46,24.97,97.11999999999999,24.959999999999997,19.689999999999998,12.55,6.81,5.25
3MINDIA,-3.92,12.09,22.86,15.590000000000002,7.02,-7.91,0.12,1.4500000000000002
DCMSHRIRAM,11.600000000000001,20.29,27.12,18.4,16.150000000000002,11.03,-1.96,-0.37
