,calendar_ytd_ret,financial_ytd_ret,1y_ret,6m_ret,3m_ret,exp_ret,5d_ret,3d_ret
VTL,20.25,8.32,23.91,-0.05,-15.950000000000001,-1.8900000000000001,-0.5700000000000001,-1.44
WELSPUNLIV,13.44,5.89,38.11,7.000000000000001,-3.35,-2.85,0.11,-2.78
ALOKINDS,15.32,-14.66,34.54,-11.44,-9.62,-2.42,-2.07,-1.1199999999999999
RAYMOND,-1.8900000000000001,-7.82,-5.42,-12.61,-23.68,-8.43,4.41,5.3
KPRMILL,14.08,21.92,25.97,15.879999999999999,12.11,-7.01,-0.6,-0.35000000000000003
PAGEIND,20.119999999999997,34.46,18.18,23.419999999999998,13.43,8.89,8.0,3.36
TRIDENT,-2.62,-16.439999999999998,-3.95,-12.4,-7.06,-2.53,0.09,-0.2
