,calendar_ytd_ret,financial_ytd_ret,1y_ret,6m_ret,3m_ret,exp_ret,5d_ret,3d_ret
SUNTV,15.370000000000001,32.9,33.52,38.66,4.93,-0.7100000000000001,-1.91,-1.69
PVRINOX,0.86,22.05,-9.51,27.73,16.46,10.15,1.0999999999999999,0.21
NETWORK18,-4.130000000000001,-21.740000000000002,16.06,-5.75,0.35000000000000003,-12.94,-5.58,-7.07
SAREGAMA,40.589999999999996,28.199999999999996,30.15,46.54,-7.16,-1.2,-1.22,-0.48
ZEEL,-54.08,-21.63,-54.49,-10.99,-18.22,-13.41,-7.22,-5.1499999999999995
TV18BRDCST,-10.2,-23.849999999999998,-6.97,-7.26,3.82,-5.34,-4.83,-6.92
