,calendar_ytd_ret,financial_ytd_ret,1y_ret,6m_ret,3m_ret,exp_ret,5d_ret,3d_ret
VTL,30.240000000000002,17.31,22.470000000000002,17.48,1.7000000000000002,-1.53,0.31,-0.13999999999999999
WELSPUNLIV,23.810000000000002,15.57,44.4,20.72,20.51,-13.77,-4.279999999999999,-1.1400000000000001
ALOKINDS,22.439999999999998,-9.39,24.77,-8.44,-4.53,-5.800000000000001,-1.7999999999999998,0.35000000000000003
RAYMOND,7.8100000000000005,1.3,-14.48,10.549999999999999,-25.629999999999995,-5.34,-5.6000000000000005,-0.27999999999999997
KPRMILL,6.1,13.38,16.68,11.07,0.13999999999999999,1.72,1.91,2.9000000000000004
PAGEIND,13.3,26.83,10.67,23.82,12.889999999999999,4.18,6.63,-0.47000000000000003
TRIDENT,1.8800000000000001,-12.57,-13.29,-3.18,-6.15,-2.27,-0.76,0.33
