,calendar_ytd_ret,financial_ytd_ret,1y_ret,6m_ret,3m_ret,exp_ret,5d_ret,3d_ret
SUNTV,4.16,19.98,14.56,9.74,-9.69,-2.0,-3.2399999999999998,0.02
PVRINOX,-11.899999999999999,6.6000000000000005,-12.29,10.51,-3.9,-4.15,-0.38999999999999996,-1.15
NETWORK18,-2.9000000000000004,-20.73,19.63,5.3,-11.14,4.569999999999999,2.9899999999999998,3.7900000000000005
SAREGAMA,33.06,21.33,43.97,14.81,-7.51,-4.2700000000000005,-1.2,3.2300000000000004
ZEEL,-57.599999999999994,-27.63,-55.61000000000001,-12.46,-13.780000000000001,-4.6899999999999995,-5.7700000000000005,-2.9499999999999997
TV18BRDCST,0.0,0.0,0.0,0.0,0.0,0.0,0.0,0.0
