,calendar_ytd_ret,financial_ytd_ret,1y_ret,6m_ret,3m_ret,exp_ret,5d_ret,3d_ret
JKPAPER,28.410000000000004,38.76,34.63,45.65,-11.88,11.33,2.92,0.75
CENTURYTEX,139.79999999999998,107.75999999999999,160.88,67.86,29.439999999999998,6.569999999999999,8.870000000000001,7.07
