,calendar_ytd_ret,financial_ytd_ret,1y_ret,6m_ret,3m_ret,exp_ret,5d_ret,3d_ret
JKPAPER,16.49,25.89,19.07,37.3,-5.21,-1.11,4.9399999999999995,2.0500000000000003
CENTURYTEX,128.57,98.03,156.73,107.83,22.05,11.86,6.68,-3.73
