,calendar_ytd_ret,financial_ytd_ret,1y_ret,6m_ret,3m_ret,exp_ret,5d_ret,3d_ret
VTL,26.44,13.889999999999999,31.56,13.889999999999999,3.5000000000000004,-4.41,-1.41,-0.37
WELSPUNLIV,31.28,22.55,56.21000000000001,22.55,40.79,-8.559999999999999,-1.7999999999999998,1.16
ALOKINDS,31.8,-2.46,59.89,-2.46,10.14,1.41,3.08,4.8
RAYMOND,17.87,10.75,4.06,10.75,-11.52,3.49,1.9,-4.16
KPRMILL,3.4099999999999997,10.51,21.88,10.51,3.42,-0.86,0.09,1.83
PAGEIND,8.02,20.919999999999998,6.1,20.919999999999998,6.61,-0.67,-3.45,-2.17
TRIDENT,4.0,-10.75,3.0,-10.75,1.8800000000000001,-0.24,1.11,1.3
