,calendar_ytd_ret,financial_ytd_ret,1y_ret,6m_ret,3m_ret,exp_ret,5d_ret,3d_ret
SUNTV,13.889999999999999,31.19,38.58,30.64,1.48,-4.14,-5.96,-1.58
PVRINOX,-3.3300000000000005,16.98,-6.49,15.590000000000002,10.01,-6.529999999999999,-2.64,0.27
NETWORK18,-13.28,-29.21,18.45,-17.62,-10.68,-7.13,-7.7,-3.32
SAREGAMA,72.96000000000001,57.709999999999994,81.81,63.959999999999994,17.62,3.3099999999999996,-5.89,4.42
ZEEL,-53.839999999999996,-21.22,-51.57000000000001,-17.16,-15.870000000000001,-5.800000000000001,-9.51,-3.7800000000000002
TV18BRDCST,-18.44,-30.830000000000002,-5.74,-15.329999999999998,-7.290000000000001,-7.7299999999999995,-8.219999999999999,-2.7199999999999998
