,calendar_ytd_ret,financial_ytd_ret,1y_ret,6m_ret,3m_ret,exp_ret,5d_ret,3d_ret
JKPAPER,16.79,26.21,19.77,27.650000000000002,-9.64,1.26,-4.8,0.76
CENTURYTEX,126.94000000000001,96.63000000000001,133.76,48.76,17.96,0.86,-9.32,1.1199999999999999
