,calendar_ytd_ret,financial_ytd_ret,1y_ret,6m_ret,3m_ret,exp_ret,5d_ret,3d_ret
VTL,32.269999999999996,19.139999999999997,51.92,16.520000000000003,12.49,-4.97,5.53,3.08
WELSPUNLIV,43.580000000000005,34.02,80.27,34.68,47.88,17.06,6.11,3.64
ALOKINDS,29.98,-3.81,72.36,-2.63,4.72,2.5100000000000002,-4.87,-0.43
RAYMOND,13.900000000000002,7.02,1.21,4.75,-10.66,-1.6099999999999999,-3.4799999999999995,-3.26
KPRMILL,4.3,11.469999999999999,30.919999999999998,19.67,7.9799999999999995,1.4000000000000001,-4.06,-1.63
PAGEIND,8.75,21.740000000000002,1.87,15.010000000000002,14.48,1.54,-2.01,-1.4000000000000001
TRIDENT,4.25,-10.54,15.9,-12.91,0.89,0.08,-1.4500000000000002,0.19
