,calendar_ytd_ret,financial_ytd_ret,1y_ret,6m_ret,3m_ret,exp_ret,5d_ret,3d_ret
JKPAPER,19.41,29.04,47.370000000000005,26.729999999999997,26.58,-14.680000000000001,0.25,0.9299999999999999
CENTURYTEX,94.82000000000001,68.8,136.22,63.349999999999994,9.84,3.92,10.45,1.76
