,calendar_ytd_ret,financial_ytd_ret,1y_ret,6m_ret,3m_ret,exp_ret,5d_ret,3d_ret
SUNTV,12.61,29.720000000000002,48.57,29.099999999999998,19.11,-1.5,-3.26,-0.2
PVRINOX,-8.67,10.51,-7.12,11.26,12.32,1.7399999999999998,1.01,0.67
NETWORK18,14.39,-6.619999999999999,61.160000000000004,-11.3,22.45,19.81,5.17,1.03
SAREGAMA,42.78,30.2,35.160000000000004,35.44,12.379999999999999,-3.17,2.2800000000000002,-1.01
ZEEL,-49.24,-13.36,-50.61,-25.790000000000003,-6.13,2.01,3.74,3.06
TV18BRDCST,-1.5599999999999998,-16.520000000000003,14.67,-14.510000000000002,13.489999999999998,18.3,8.37,1.37
