,calendar_ytd_ret,financial_ytd_ret,1y_ret,6m_ret,3m_ret,exp_ret,5d_ret,3d_ret
SWANENERGY,-6.34,-35.78,49.32,-21.55,-34.589999999999996,-15.709999999999999,-11.43,-1.63
GODREJIND,39.47,29.630000000000003,55.16,22.18,16.02,-15.32,0.26,2.63
3MINDIA,-7.66,7.7299999999999995,12.509999999999998,13.76,-10.37,-3.47,-0.05,0.44
DCMSHRIRAM,2.22,10.190000000000001,4.92,15.09,1.0999999999999999,-3.85,-5.18,-0.9900000000000001
