,calendar_ytd_ret,financial_ytd_ret,1y_ret,6m_ret,3m_ret,exp_ret,5d_ret,3d_ret
SUNTV,11.020000000000001,27.88,25.61,26.6,-2.86,-6.5600000000000005,-3.7699999999999996,-0.63
PVRINOX,-2.31,18.21,-4.9799999999999995,14.63,12.690000000000001,-5.54,1.49,0.02
NETWORK18,-0.3,-18.61,19.55,-2.42,3.8899999999999997,6.77,12.55,7.04
SAREGAMA,50.449999999999996,37.19,58.10999999999999,43.09,2.39,-10.13,-11.39,-6.02
ZEEL,-52.93,-19.66,-49.94,-11.77,-16.86,-3.94,0.27999999999999997,-0.65
TV18BRDCST,-9.41,-23.169999999999998,-2.1399999999999997,-3.2800000000000002,5.050000000000001,2.4899999999999998,9.11,4.33
