,calendar_ytd_ret,financial_ytd_ret,1y_ret,6m_ret,3m_ret,exp_ret,5d_ret,3d_ret
SUNTV,13.900000000000002,31.2,43.81,30.34,16.17,-1.9800000000000002,-1.9800000000000002,-2.77
PVRINOX,-8.649999999999999,10.54,-11.27,8.28,19.3,-0.22999999999999998,-0.22999999999999998,0.06999999999999999
NETWORK18,6.54,-13.03,37.16,-20.19,23.1,-3.25,-3.25,-2.21
SAREGAMA,36.63,24.58,28.08,19.35,-0.26,-3.9800000000000004,-3.9800000000000004,-1.37
ZEEL,-50.160000000000004,-14.940000000000001,-50.019999999999996,-20.89,-1.4000000000000001,-6.01,-6.01,-2.76
TV18BRDCST,-1.92,-16.830000000000002,5.27,-23.330000000000002,22.0,3.38,3.38,-3.32
