,calendar_ytd_ret,financial_ytd_ret,1y_ret,6m_ret,3m_ret,exp_ret,5d_ret,3d_ret
SUNTV,16.2,33.85,52.6,35.56,25.47,1.63,3.18,2.92
PVRINOX,-8.44,10.8,-11.48,9.9,13.780000000000001,2.0,0.26,0.48
NETWORK18,10.12,-10.100000000000001,57.82000000000001,-16.470000000000002,23.64,15.340000000000002,-3.73,0.51
SAREGAMA,42.29,29.75,36.69,28.549999999999997,5.63,-3.5000000000000004,-0.33999999999999997,1.38
ZEEL,-46.97,-9.5,-46.81,-11.51,-3.5000000000000004,6.5600000000000005,4.46,7.739999999999999
TV18BRDCST,-5.13,-19.55,11.29,-24.310000000000002,11.940000000000001,14.02,-3.62,-0.29
