,calendar_ytd_ret,financial_ytd_ret,1y_ret,6m_ret,3m_ret,exp_ret,5d_ret,3d_ret
SUNTV,14.96,32.42,41.58,34.28,8.459999999999999,-1.0699999999999998,-0.41000000000000003,-0.49
PVRINOX,-7.95,11.379999999999999,-11.93,11.88,15.620000000000001,0.53,1.18,0.8999999999999999
NETWORK18,6.54,-13.03,39.0,-17.349999999999998,22.29,-3.25,-6.4,-1.3
SAREGAMA,36.63,24.58,30.0,21.740000000000002,0.02,-3.9800000000000004,-3.85,-1.01
ZEEL,-50.62,-15.73,-50.17,-16.27,-7.290000000000001,-6.88,-4.6899999999999995,-4.4799999999999995
TV18BRDCST,-1.9800000000000002,-16.88,7.03,-20.990000000000002,21.92,3.32,-4.05,-1.51
